AnimalID,TrajectoryID,TrialNo,OriginalGroup,TargetGroup,Behaviours_ 1,Behaviours_ 2,Behaviours_ 3,Behaviours_ 4,Behaviours_ 5,Behaviours_ 6,Behaviours_ 7,Behaviours_ 8,Behaviours_ 9,Behaviours_10,Behaviours_11,Behaviours_12,Behaviours_13,Behaviours_14,Behaviours_15,Behaviours_16,Behaviours_17,Behaviours_18,Behaviours_19,Behaviours_20,Behaviours_21,Behaviours_22,Behaviours_23,Behaviours_24,Behaviours_25,Behaviours_26,Behaviours_27,Behaviours_28,Behaviours_29,Behaviours_30,Behaviours_31,Behaviours_32,Behaviours_33,Behaviours_34,Behaviours_35,Behaviours_36
87,9,1,1,1,2,2,7,7,7,7,4,4,4,1,1,1,1,4,4,4,6,6,4,4,1,1,1,1,2,2,-1,-1,-1,-1,-1,-1,-1,-1,-1,-1
87,10,2,1,1,8,8,8,8,2,2,8,8,8,8,8,7,1,1,1,4,4,2,2,2,-1,-1,-1,-1,-1,-1,-1,-1,-1,-1,-1,-1,-1,-1,-1,-1
87,11,3,1,1,3,3,2,7,7,8,8,8,8,5,3,-1,-1,-1,-1,-1,-1,-1,-1,-1,-1,-1,-1,-1,-1,-1,-1,-1,-1,-1,-1,-1,-1,-1,-1,-1
87,12,4,1,1,6,6,6,8,8,7,-1,-1,-1,-1,-1,-1,-1,-1,-1,-1,-1,-1,-1,-1,-1,-1,-1,-1,-1,-1,-1,-1,-1,-1,-1,-1,-1,-1,-1,-1
87,89,5,1,1,7,7,-1,-1,-1,-1,-1,-1,-1,-1,-1,-1,-1,-1,-1,-1,-1,-1,-1,-1,-1,-1,-1,-1,-1,-1,-1,-1,-1,-1,-1,-1,-1,-1,-1,-1
87,90,6,1,1,7,8,8,7,7,-1,-1,-1,-1,-1,-1,-1,-1,-1,-1,-1,-1,-1,-1,-1,-1,-1,-1,-1,-1,-1,-1,-1,-1,-1,-1,-1,-1,-1,-1,-1
87,91,7,1,1,6,6,6,-1,-1,-1,-1,-1,-1,-1,-1,-1,-1,-1,-1,-1,-1,-1,-1,-1,-1,-1,-1,-1,-1,-1,-1,-1,-1,-1,-1,-1,-1,-1,-1,-1
87,92,8,1,1,-1,,,,,,,,,,,,,,,,,,,,,,,,,,,,,,,,,,,
87,169,9,1,1,-1,,,,,,,,,,,,,,,,,,,,,,,,,,,,,,,,,,,
87,170,10,1,1,-1,,,,,,,,,,,,,,,,,,,,,,,,,,,,,,,,,,,
87,171,11,1,1,-1,,,,,,,,,,,,,,,,,,,,,,,,,,,,,,,,,,,
87,172,12,1,1,-1,,,,,,,,,,,,,,,,,,,,,,,,,,,,,,,,,,,
103,13,1,1,1,1,1,3,3,4,4,4,7,2,2,2,-1,-1,-1,-1,-1,-1,-1,-1,-1,-1,-1,-1,-1,-1,-1,-1,-1,-1,-1,-1,-1,-1,-1,-1,-1
103,14,2,1,1,2,2,3,3,3,3,6,6,6,1,1,1,1,1,1,1,1,1,1,1,1,1,7,7,7,2,-1,-1,-1,-1,-1,-1,-1,-1,-1,-1
103,15,3,1,1,1,1,2,7,7,7,1,2,2,2,1,1,4,4,4,7,7,2,2,2,4,4,4,2,2,-1,-1,-1,-1,-1,-1,-1,-1,-1,-1,-1
103,16,4,1,1,2,2,2,7,7,2,1,1,7,2,4,4,1,1,1,1,1,1,1,1,1,1,1,1,1,1,-1,-1,-1,-1,-1,-1,-1,-1,-1,-1
103,93,5,1,1,4,4,1,1,1,1,2,2,2,1,1,1,1,1,1,1,2,2,2,1,1,2,2,2,2,1,1,1,-1,-1,-1,-1,-1,-1,-1,-1
103,94,6,1,1,7,7,7,7,7,7,-1,-1,-1,-1,-1,-1,-1,-1,-1,-1,-1,-1,-1,-1,-1,-1,-1,-1,-1,-1,-1,-1,-1,-1,-1,-1,-1,-1,-1,-1
103,95,7,1,1,6,6,6,6,8,8,8,6,6,6,2,1,1,1,1,2,2,2,2,-1,-1,-1,-1,-1,-1,-1,-1,-1,-1,-1,-1,-1,-1,-1,-1,-1
103,96,8,1,1,2,2,7,7,6,6,6,4,1,2,2,2,3,-1,-1,-1,-1,-1,-1,-1,-1,-1,-1,-1,-1,-1,-1,-1,-1,-1,-1,-1,-1,-1,-1,-1
103,173,9,1,1,6,6,8,8,6,6,6,6,1,1,1,3,3,3,3,5,-1,-1,-1,-1,-1,-1,-1,-1,-1,-1,-1,-1,-1,-1,-1,-1,-1,-1,-1,-1
103,174,10,1,1,6,6,5,5,5,3,3,3,-1,-1,-1,-1,-1,-1,-1,-1,-1,-1,-1,-1,-1,-1,-1,-1,-1,-1,-1,-1,-1,-1,-1,-1,-1,-1,-1,-1
103,175,11,1,1,8,8,8,-1,-1,-1,-1,-1,-1,-1,-1,-1,-1,-1,-1,-1,-1,-1,-1,-1,-1,-1,-1,-1,-1,-1,-1,-1,-1,-1,-1,-1,-1,-1,-1,-1
103,176,12,1,1,8,8,8,8,-1,-1,-1,-1,-1,-1,-1,-1,-1,-1,-1,-1,-1,-1,-1,-1,-1,-1,-1,-1,-1,-1,-1,-1,-1,-1,-1,-1,-1,-1,-1,-1
91,25,1,1,1,1,1,1,1,1,1,7,7,6,1,1,1,1,1,1,1,1,1,1,7,7,1,1,1,1,1,1,-1,-1,-1,-1,-1,-1,-1,-1,-1
91,26,2,1,1,7,7,7,7,8,2,2,1,1,1,1,1,1,1,1,1,2,2,1,7,7,7,1,2,-1,-1,-1,-1,-1,-1,-1,-1,-1,-1,-1,-1
91,27,3,1,1,2,2,7,7,7,2,2,3,7,8,8,3,4,4,4,6,3,3,3,3,-1,-1,-1,-1,-1,-1,-1,-1,-1,-1,-1,-1,-1,-1,-1,-1
91,28,4,1,1,2,2,-1,-1,-1,-1,-1,-1,-1,-1,-1,-1,-1,-1,-1,-1,-1,-1,-1,-1,-1,-1,-1,-1,-1,-1,-1,-1,-1,-1,-1,-1,-1,-1,-1,-1
91,105,5,1,1,7,7,6,6,6,3,2,5,5,5,6,4,4,3,-1,-1,-1,-1,-1,-1,-1,-1,-1,-1,-1,-1,-1,-1,-1,-1,-1,-1,-1,-1,-1,-1
91,106,6,1,1,5,5,5,7,-1,-1,-1,-1,-1,-1,-1,-1,-1,-1,-1,-1,-1,-1,-1,-1,-1,-1,-1,-1,-1,-1,-1,-1,-1,-1,-1,-1,-1,-1,-1,-1
91,107,7,1,1,-1,,,,,,,,,,,,,,,,,,,,,,,,,,,,,,,,,,,
91,108,8,1,1,-1,,,,,,,,,,,,,,,,,,,,,,,,,,,,,,,,,,,
91,185,9,1,1,-1,,,,,,,,,,,,,,,,,,,,,,,,,,,,,,,,,,,
91,186,10,1,1,-1,,,,,,,,,,,,,,,,,,,,,,,,,,,,,,,,,,,
91,187,11,1,1,-1,,,,,,,,,,,,,,,,,,,,,,,,,,,,,,,,,,,
91,188,12,1,1,-1,,,,,,,,,,,,,,,,,,,,,,,,,,,,,,,,,,,
93,29,1,1,1,1,1,1,1,7,4,4,1,1,1,1,1,1,1,1,4,4,6,-1,-1,-1,-1,-1,-1,-1,-1,-1,-1,-1,-1,-1,-1,-1,-1,-1,-1
93,30,2,1,1,7,8,8,8,8,2,2,2,-1,-1,-1,-1,-1,-1,-1,-1,-1,-1,-1,-1,-1,-1,-1,-1,-1,-1,-1,-1,-1,-1,-1,-1,-1,-1,-1,-1
93,31,3,1,1,7,7,7,4,4,4,4,1,1,1,2,2,2,-1,-1,-1,-1,-1,-1,-1,-1,-1,-1,-1,-1,-1,-1,-1,-1,-1,-1,-1,-1,-1,-1,-1
93,32,4,1,1,7,7,7,3,3,3,3,3,7,7,2,2,2,2,-1,-1,-1,-1,-1,-1,-1,-1,-1,-1,-1,-1,-1,-1,-1,-1,-1,-1,-1,-1,-1,-1
93,109,5,1,1,2,3,3,3,2,1,1,1,1,1,7,7,2,2,4,4,6,6,6,2,7,7,2,2,2,-1,-1,-1,-1,-1,-1,-1,-1,-1,-1,-1
93,110,6,1,1,-1,,,,,,,,,,,,,,,,,,,,,,,,,,,,,,,,,,,
93,111,7,1,1,8,8,8,7,2,2,-1,-1,-1,-1,-1,-1,-1,-1,-1,-1,-1,-1,-1,-1,-1,-1,-1,-1,-1,-1,-1,-1,-1,-1,-1,-1,-1,-1,-1,-1
93,112,8,1,1,8,8,8,8,7,8,8,8,3,3,8,8,-1,-1,-1,-1,-1,-1,-1,-1,-1,-1,-1,-1,-1,-1,-1,-1,-1,-1,-1,-1,-1,-1,-1,-1
93,189,9,1,1,-1,,,,,,,,,,,,,,,,,,,,,,,,,,,,,,,,,,,
93,190,10,1,1,8,8,8,8,8,3,3,8,8,8,2,2,2,-1,-1,-1,-1,-1,-1,-1,-1,-1,-1,-1,-1,-1,-1,-1,-1,-1,-1,-1,-1,-1,-1,-1
93,191,11,1,1,-1,,,,,,,,,,,,,,,,,,,,,,,,,,,,,,,,,,,
93,192,12,1,1,8,8,8,7,7,3,3,-1,-1,-1,-1,-1,-1,-1,-1,-1,-1,-1,-1,-1,-1,-1,-1,-1,-1,-1,-1,-1,-1,-1,-1,-1,-1,-1,-1,-1
95,41,1,1,1,7,7,7,7,1,1,2,2,-1,-1,-1,-1,-1,-1,-1,-1,-1,-1,-1,-1,-1,-1,-1,-1,-1,-1,-1,-1,-1,-1,-1,-1,-1,-1,-1,-1
95,42,2,1,1,6,6,6,2,7,7,3,3,7,7,3,3,2,7,6,6,6,1,2,7,7,7,7,2,2,2,-1,-1,-1,-1,-1,-1,-1,-1,-1,-1
95,43,3,1,1,-1,,,,,,,,,,,,,,,,,,,,,,,,,,,,,,,,,,,
95,44,4,1,1,8,8,8,3,3,3,3,3,2,2,-1,-1,-1,-1,-1,-1,-1,-1,-1,-1,-1,-1,-1,-1,-1,-1,-1,-1,-1,-1,-1,-1,-1,-1,-1,-1
95,121,5,1,1,3,3,3,3,3,-1,-1,-1,-1,-1,-1,-1,-1,-1,-1,-1,-1,-1,-1,-1,-1,-1,-1,-1,-1,-1,-1,-1,-1,-1,-1,-1,-1,-1,-1,-1
95,122,6,1,1,6,6,6,-1,-1,-1,-1,-1,-1,-1,-1,-1,-1,-1,-1,-1,-1,-1,-1,-1,-1,-1,-1,-1,-1,-1,-1,-1,-1,-1,-1,-1,-1,-1,-1,-1
95,123,7,1,1,8,8,8,7,7,-1,-1,-1,-1,-1,-1,-1,-1,-1,-1,-1,-1,-1,-1,-1,-1,-1,-1,-1,-1,-1,-1,-1,-1,-1,-1,-1,-1,-1,-1,-1
95,124,8,1,1,4,4,4,6,6,4,4,4,3,3,7,-1,-1,-1,-1,-1,-1,-1,-1,-1,-1,-1,-1,-1,-1,-1,-1,-1,-1,-1,-1,-1,-1,-1,-1,-1
95,201,9,1,1,7,7,7,2,2,7,7,5,5,5,6,6,7,3,3,3,3,4,-1,-1,-1,-1,-1,-1,-1,-1,-1,-1,-1,-1,-1,-1,-1,-1,-1,-1
95,202,10,1,1,-1,,,,,,,,,,,,,,,,,,,,,,,,,,,,,,,,,,,
95,203,11,1,1,-1,,,,,,,,,,,,,,,,,,,,,,,,,,,,,,,,,,,
95,204,12,1,1,7,7,-1,-1,-1,-1,-1,-1,-1,-1,-1,-1,-1,-1,-1,-1,-1,-1,-1,-1,-1,-1,-1,-1,-1,-1,-1,-1,-1,-1,-1,-1,-1,-1,-1,-1
121,45,1,1,1,4,4,3,2,2,2,1,1,2,2,1,1,1,2,3,3,2,2,2,2,7,7,7,1,-1,-1,-1,-1,-1,-1,-1,-1,-1,-1,-1,-1
121,46,2,1,1,2,1,1,1,2,4,4,4,1,1,2,2,4,4,4,4,-1,-1,-1,-1,-1,-1,-1,-1,-1,-1,-1,-1,-1,-1,-1,-1,-1,-1,-1,-1
121,47,3,1,1,6,6,3,3,3,3,6,6,4,4,-1,-1,-1,-1,-1,-1,-1,-1,-1,-1,-1,-1,-1,-1,-1,-1,-1,-1,-1,-1,-1,-1,-1,-1,-1,-1
121,48,4,1,1,7,7,7,1,1,1,1,1,1,1,2,2,1,1,1,1,2,2,2,-1,-1,-1,-1,-1,-1,-1,-1,-1,-1,-1,-1,-1,-1,-1,-1,-1
121,125,5,1,1,7,1,1,1,1,1,1,1,1,1,1,1,1,1,1,1,1,7,7,7,7,2,1,1,1,1,1,-1,-1,-1,-1,-1,-1,-1,-1,-1
121,126,6,1,1,2,2,7,7,8,7,7,1,1,1,1,2,2,2,1,1,1,7,7,3,3,3,8,8,8,-1,-1,-1,-1,-1,-1,-1,-1,-1,-1,-1
121,127,7,1,1,3,3,4,4,4,6,6,6,7,4,4,4,1,1,1,-1,-1,-1,-1,-1,-1,-1,-1,-1,-1,-1,-1,-1,-1,-1,-1,-1,-1,-1,-1,-1
121,128,8,1,1,2,2,2,1,1,1,2,3,3,3,6,6,8,8,8,8,8,7,-1,-1,-1,-1,-1,-1,-1,-1,-1,-1,-1,-1,-1,-1,-1,-1,-1,-1
121,205,9,1,1,3,3,3,4,4,4,4,1,1,1,2,2,4,4,4,2,7,7,-1,-1,-1,-1,-1,-1,-1,-1,-1,-1,-1,-1,-1,-1,-1,-1,-1,-1
121,206,10,1,1,-1,,,,,,,,,,,,,,,,,,,,,,,,,,,,,,,,,,,
121,207,11,1,1,-1,,,,,,,,,,,,,,,,,,,,,,,,,,,,,,,,,,,
121,208,12,1,1,-1,,,,,,,,,,,,,,,,,,,,,,,,,,,,,,,,,,,
99,57,1,1,1,1,1,1,1,1,1,1,1,1,1,1,1,1,1,1,1,1,1,1,1,1,1,1,1,1,1,1,1,1,1,1,1,-1,-1,-1,-1
99,58,2,1,1,2,2,2,2,2,2,2,1,1,1,1,1,1,1,2,2,7,7,2,1,1,1,1,1,1,1,1,1,3,3,3,-1,-1,-1,-1,-1
99,59,3,1,1,1,1,7,7,7,2,2,-1,-1,-1,-1,-1,-1,-1,-1,-1,-1,-1,-1,-1,-1,-1,-1,-1,-1,-1,-1,-1,-1,-1,-1,-1,-1,-1,-1,-1
99,60,4,1,1,7,7,7,2,2,2,2,2,2,3,3,2,2,2,2,8,8,8,2,2,2,1,1,1,1,1,1,-1,-1,-1,-1,-1,-1,-1,-1,-1
99,137,5,1,1,3,3,1,1,2,2,3,1,1,1,1,1,1,1,1,1,4,4,4,4,4,4,4,1,1,1,-1,-1,-1,-1,-1,-1,-1,-1,-1,-1
99,138,6,1,1,-1,,,,,,,,,,,,,,,,,,,,,,,,,,,,,,,,,,,
99,139,7,1,1,-1,,,,,,,,,,,,,,,,,,,,,,,,,,,,,,,,,,,
99,140,8,1,1,2,7,7,7,2,2,2,7,7,2,2,2,2,2,1,1,7,7,1,1,1,1,1,4,4,4,7,7,-1,-1,-1,-1,-1,-1,-1,-1
99,217,9,1,1,3,3,3,2,1,2,2,1,1,7,7,1,1,2,2,2,1,2,-1,-1,-1,-1,-1,-1,-1,-1,-1,-1,-1,-1,-1,-1,-1,-1,-1,-1
99,218,10,1,1,2,2,5,-1,-1,-1,-1,-1,-1,-1,-1,-1,-1,-1,-1,-1,-1,-1,-1,-1,-1,-1,-1,-1,-1,-1,-1,-1,-1,-1,-1,-1,-1,-1,-1,-1
99,219,11,1,1,7,7,8,8,-1,-1,-1,-1,-1,-1,-1,-1,-1,-1,-1,-1,-1,-1,-1,-1,-1,-1,-1,-1,-1,-1,-1,-1,-1,-1,-1,-1,-1,-1,-1,-1
99,220,12,1,1,6,6,8,-1,-1,-1,-1,-1,-1,-1,-1,-1,-1,-1,-1,-1,-1,-1,-1,-1,-1,-1,-1,-1,-1,-1,-1,-1,-1,-1,-1,-1,-1,-1,-1,-1
114,61,1,1,1,-1,,,,,,,,,,,,,,,,,,,,,,,,,,,,,,,,,,,
114,62,2,1,1,4,6,6,2,2,7,7,1,1,3,2,1,1,1,-1,-1,-1,-1,-1,-1,-1,-1,-1,-1,-1,-1,-1,-1,-1,-1,-1,-1,-1,-1,-1,-1
114,63,3,1,1,2,2,2,-1,-1,-1,-1,-1,-1,-1,-1,-1,-1,-1,-1,-1,-1,-1,-1,-1,-1,-1,-1,-1,-1,-1,-1,-1,-1,-1,-1,-1,-1,-1,-1,-1
114,64,4,1,1,6,6,6,2,2,2,-1,-1,-1,-1,-1,-1,-1,-1,-1,-1,-1,-1,-1,-1,-1,-1,-1,-1,-1,-1,-1,-1,-1,-1,-1,-1,-1,-1,-1,-1
114,141,5,1,1,6,6,7,3,3,6,1,1,2,2,1,1,2,2,2,8,8,-1,-1,-1,-1,-1,-1,-1,-1,-1,-1,-1,-1,-1,-1,-1,-1,-1,-1,-1
114,142,6,1,1,3,3,8,-1,-1,-1,-1,-1,-1,-1,-1,-1,-1,-1,-1,-1,-1,-1,-1,-1,-1,-1,-1,-1,-1,-1,-1,-1,-1,-1,-1,-1,-1,-1,-1,-1
114,143,7,1,1,3,3,8,8,7,7,7,3,3,3,4,4,3,3,7,7,7,1,1,1,1,1,1,1,-1,-1,-1,-1,-1,-1,-1,-1,-1,-1,-1,-1
114,144,8,1,1,2,6,6,7,7,3,3,5,-1,-1,-1,-1,-1,-1,-1,-1,-1,-1,-1,-1,-1,-1,-1,-1,-1,-1,-1,-1,-1,-1,-1,-1,-1,-1,-1,-1
114,221,9,1,1,5,5,7,-1,-1,-1,-1,-1,-1,-1,-1,-1,-1,-1,-1,-1,-1,-1,-1,-1,-1,-1,-1,-1,-1,-1,-1,-1,-1,-1,-1,-1,-1,-1,-1,-1
114,222,10,1,1,-1,,,,,,,,,,,,,,,,,,,,,,,,,,,,,,,,,,,
114,223,11,1,1,2,7,7,6,6,3,3,3,3,8,8,3,3,-1,-1,-1,-1,-1,-1,-1,-1,-1,-1,-1,-1,-1,-1,-1,-1,-1,-1,-1,-1,-1,-1,-1
114,224,12,1,1,3,3,6,-1,-1,-1,-1,-1,-1,-1,-1,-1,-1,-1,-1,-1,-1,-1,-1,-1,-1,-1,-1,-1,-1,-1,-1,-1,-1,-1,-1,-1,-1,-1,-1,-1
101,73,1,1,1,1,1,1,1,1,-1,-1,-1,-1,-1,-1,-1,-1,-1,-1,-1,-1,-1,-1,-1,-1,-1,-1,-1,-1,-1,-1,-1,-1,-1,-1,-1,-1,-1,-1,-1
101,74,2,1,1,7,7,-1,-1,-1,-1,-1,-1,-1,-1,-1,-1,-1,-1,-1,-1,-1,-1,-1,-1,-1,-1,-1,-1,-1,-1,-1,-1,-1,-1,-1,-1,-1,-1,-1,-1
101,75,3,1,1,7,6,6,6,6,6,2,-1,-1,-1,-1,-1,-1,-1,-1,-1,-1,-1,-1,-1,-1,-1,-1,-1,-1,-1,-1,-1,-1,-1,-1,-1,-1,-1,-1,-1
101,76,4,1,1,-1,,,,,,,,,,,,,,,,,,,,,,,,,,,,,,,,,,,
101,153,5,1,1,4,4,2,2,2,1,1,4,4,1,1,-1,-1,-1,-1,-1,-1,-1,-1,-1,-1,-1,-1,-1,-1,-1,-1,-1,-1,-1,-1,-1,-1,-1,-1,-1
101,154,6,1,1,3,3,3,5,5,-1,-1,-1,-1,-1,-1,-1,-1,-1,-1,-1,-1,-1,-1,-1,-1,-1,-1,-1,-1,-1,-1,-1,-1,-1,-1,-1,-1,-1,-1,-1
101,155,7,1,1,-1,,,,,,,,,,,,,,,,,,,,,,,,,,,,,,,,,,,
101,156,8,1,1,3,3,3,-1,-1,-1,-1,-1,-1,-1,-1,-1,-1,-1,-1,-1,-1,-1,-1,-1,-1,-1,-1,-1,-1,-1,-1,-1,-1,-1,-1,-1,-1,-1,-1,-1
101,233,9,1,1,-1,,,,,,,,,,,,,,,,,,,,,,,,,,,,,,,,,,,
101,234,10,1,1,-1,,,,,,,,,,,,,,,,,,,,,,,,,,,,,,,,,,,
101,235,11,1,1,-1,,,,,,,,,,,,,,,,,,,,,,,,,,,,,,,,,,,
101,236,12,1,1,7,7,-1,-1,-1,-1,-1,-1,-1,-1,-1,-1,-1,-1,-1,-1,-1,-1,-1,-1,-1,-1,-1,-1,-1,-1,-1,-1,-1,-1,-1,-1,-1,-1,-1,-1
115,77,1,1,1,2,2,2,7,7,7,2,2,1,7,7,2,1,1,1,1,7,2,2,2,1,1,1,2,2,6,2,-1,-1,-1,-1,-1,-1,-1,-1,-1
115,78,2,1,1,3,3,3,2,7,-1,-1,-1,-1,-1,-1,-1,-1,-1,-1,-1,-1,-1,-1,-1,-1,-1,-1,-1,-1,-1,-1,-1,-1,-1,-1,-1,-1,-1,-1,-1
115,79,3,1,1,4,4,4,2,1,7,7,7,2,2,7,7,2,2,2,2,2,4,4,1,1,1,2,6,6,7,7,2,2,-1,-1,-1,-1,-1,-1,-1
115,80,4,1,1,2,7,7,2,2,2,7,7,1,1,1,1,1,2,2,2,3,3,3,4,4,2,2,7,7,1,1,1,1,7,-1,-1,-1,-1,-1,-1
115,157,5,1,1,7,7,7,2,2,1,7,7,1,1,1,1,1,1,1,1,1,1,1,1,7,7,2,2,2,2,1,1,1,2,2,2,-1,-1,-1,-1
115,158,6,1,1,2,2,-1,-1,-1,-1,-1,-1,-1,-1,-1,-1,-1,-1,-1,-1,-1,-1,-1,-1,-1,-1,-1,-1,-1,-1,-1,-1,-1,-1,-1,-1,-1,-1,-1,-1
115,159,7,1,1,1,7,5,5,5,5,2,-1,-1,-1,-1,-1,-1,-1,-1,-1,-1,-1,-1,-1,-1,-1,-1,-1,-1,-1,-1,-1,-1,-1,-1,-1,-1,-1,-1,-1
115,160,8,1,1,2,2,2,-1,-1,-1,-1,-1,-1,-1,-1,-1,-1,-1,-1,-1,-1,-1,-1,-1,-1,-1,-1,-1,-1,-1,-1,-1,-1,-1,-1,-1,-1,-1,-1,-1
115,237,9,1,1,2,2,5,5,5,3,3,3,3,2,3,3,3,4,4,7,1,2,2,6,7,7,2,4,4,4,-1,-1,-1,-1,-1,-1,-1,-1,-1,-1
115,238,10,1,1,5,5,5,3,3,8,8,8,7,3,3,7,7,5,5,5,2,7,7,5,5,5,5,7,3,3,-1,-1,-1,-1,-1,-1,-1,-1,-1,-1
115,239,11,1,1,-1,,,,,,,,,,,,,,,,,,,,,,,,,,,,,,,,,,,
115,240,12,1,1,6,6,3,-1,-1,-1,-1,-1,-1,-1,-1,-1,-1,-1,-1,-1,-1,-1,-1,-1,-1,-1,-1,-1,-1,-1,-1,-1,-1,-1,-1,-1,-1,-1,-1,-1
43,249,1,1,1,7,7,1,1,2,7,7,7,1,1,1,1,1,1,2,2,2,4,2,2,1,1,2,2,-1,-1,-1,-1,-1,-1,-1,-1,-1,-1,-1,-1
43,250,2,1,1,7,3,3,3,3,7,7,2,2,2,2,2,2,4,4,4,7,-1,-1,-1,-1,-1,-1,-1,-1,-1,-1,-1,-1,-1,-1,-1,-1,-1,-1,-1
43,251,3,1,1,-1,,,,,,,,,,,,,,,,,,,,,,,,,,,,,,,,,,,
43,252,4,1,1,7,7,7,2,2,2,8,8,8,8,1,1,1,1,2,1,-1,-1,-1,-1,-1,-1,-1,-1,-1,-1,-1,-1,-1,-1,-1,-1,-1,-1,-1,-1
43,317,5,1,1,1,1,1,1,1,1,1,1,1,1,1,1,2,7,7,7,4,6,6,6,-1,-1,-1,-1,-1,-1,-1,-1,-1,-1,-1,-1,-1,-1,-1,-1
43,318,6,1,1,3,3,3,3,7,1,1,1,1,1,7,7,8,7,7,1,1,1,-1,-1,-1,-1,-1,-1,-1,-1,-1,-1,-1,-1,-1,-1,-1,-1,-1,-1
43,319,7,1,1,-1,,,,,,,,,,,,,,,,,,,,,,,,,,,,,,,,,,,
43,320,8,1,1,-1,,,,,,,,,,,,,,,,,,,,,,,,,,,,,,,,,,,
43,385,9,1,1,1,1,7,3,6,6,6,4,4,7,4,4,4,7,7,2,2,-1,-1,-1,-1,-1,-1,-1,-1,-1,-1,-1,-1,-1,-1,-1,-1,-1,-1,-1
43,386,10,1,1,7,7,8,8,-1,-1,-1,-1,-1,-1,-1,-1,-1,-1,-1,-1,-1,-1,-1,-1,-1,-1,-1,-1,-1,-1,-1,-1,-1,-1,-1,-1,-1,-1,-1,-1
43,387,11,1,1,4,4,4,2,-1,-1,-1,-1,-1,-1,-1,-1,-1,-1,-1,-1,-1,-1,-1,-1,-1,-1,-1,-1,-1,-1,-1,-1,-1,-1,-1,-1,-1,-1,-1,-1
43,388,12,1,1,6,6,6,-1,-1,-1,-1,-1,-1,-1,-1,-1,-1,-1,-1,-1,-1,-1,-1,-1,-1,-1,-1,-1,-1,-1,-1,-1,-1,-1,-1,-1,-1,-1,-1,-1
52,253,1,1,1,1,4,4,4,1,1,1,1,1,1,1,1,2,1,1,4,6,7,4,4,1,2,-1,-1,-1,-1,-1,-1,-1,-1,-1,-1,-1,-1,-1,-1
52,254,2,1,1,1,1,2,2,2,-1,-1,-1,-1,-1,-1,-1,-1,-1,-1,-1,-1,-1,-1,-1,-1,-1,-1,-1,-1,-1,-1,-1,-1,-1,-1,-1,-1,-1,-1,-1
52,255,3,1,1,6,6,6,2,3,7,1,2,2,7,7,4,4,4,1,1,1,2,2,1,7,7,2,2,2,-1,-1,-1,-1,-1,-1,-1,-1,-1,-1,-1
52,256,4,1,1,2,3,3,7,7,7,2,2,7,7,7,2,2,2,7,7,2,2,2,7,7,7,3,3,3,2,2,-1,-1,-1,-1,-1,-1,-1,-1,-1
52,321,5,1,1,1,1,1,1,1,1,7,7,4,4,1,1,2,2,1,1,1,2,4,4,4,2,2,7,7,7,-1,-1,-1,-1,-1,-1,-1,-1,-1,-1
52,322,6,1,1,6,6,6,3,2,2,2,2,2,7,7,3,4,4,-1,-1,-1,-1,-1,-1,-1,-1,-1,-1,-1,-1,-1,-1,-1,-1,-1,-1,-1,-1,-1,-1
52,323,7,1,1,7,3,3,3,2,2,4,4,2,8,8,8,8,8,-1,-1,-1,-1,-1,-1,-1,-1,-1,-1,-1,-1,-1,-1,-1,-1,-1,-1,-1,-1,-1,-1
52,324,8,1,1,4,8,8,8,3,3,7,8,8,8,8,8,-1,-1,-1,-1,-1,-1,-1,-1,-1,-1,-1,-1,-1,-1,-1,-1,-1,-1,-1,-1,-1,-1,-1,-1
52,389,9,1,1,6,6,-1,-1,-1,-1,-1,-1,-1,-1,-1,-1,-1,-1,-1,-1,-1,-1,-1,-1,-1,-1,-1,-1,-1,-1,-1,-1,-1,-1,-1,-1,-1,-1,-1,-1
52,390,10,1,1,-1,,,,,,,,,,,,,,,,,,,,,,,,,,,,,,,,,,,
52,391,11,1,1,7,7,8,-1,-1,-1,-1,-1,-1,-1,-1,-1,-1,-1,-1,-1,-1,-1,-1,-1,-1,-1,-1,-1,-1,-1,-1,-1,-1,-1,-1,-1,-1,-1,-1,-1
52,392,12,1,1,3,3,3,5,5,2,-1,-1,-1,-1,-1,-1,-1,-1,-1,-1,-1,-1,-1,-1,-1,-1,-1,-1,-1,-1,-1,-1,-1,-1,-1,-1,-1,-1,-1,-1
49,265,1,1,1,1,1,2,2,2,2,2,4,4,1,1,4,4,1,1,2,2,4,4,4,2,2,7,7,7,-1,-1,-1,-1,-1,-1,-1,-1,-1,-1,-1
49,266,2,1,1,6,6,6,4,4,4,1,7,7,6,4,4,4,-1,-1,-1,-1,-1,-1,-1,-1,-1,-1,-1,-1,-1,-1,-1,-1,-1,-1,-1,-1,-1,-1,-1
49,267,3,1,1,6,6,6,2,2,4,4,4,4,-1,-1,-1,-1,-1,-1,-1,-1,-1,-1,-1,-1,-1,-1,-1,-1,-1,-1,-1,-1,-1,-1,-1,-1,-1,-1,-1
49,268,4,1,1,4,4,4,7,7,7,2,2,2,2,-1,-1,-1,-1,-1,-1,-1,-1,-1,-1,-1,-1,-1,-1,-1,-1,-1,-1,-1,-1,-1,-1,-1,-1,-1,-1
49,333,5,1,1,4,4,1,2,2,1,1,1,1,1,1,7,7,2,2,2,2,4,4,4,2,2,1,1,1,1,1,1,1,1,7,7,-1,-1,-1,-1
49,334,6,1,1,5,5,5,6,6,6,8,5,5,5,2,1,1,2,6,6,6,7,6,3,3,-1,-1,-1,-1,-1,-1,-1,-1,-1,-1,-1,-1,-1,-1,-1
49,335,7,1,1,6,6,3,3,3,2,7,7,3,3,8,8,8,8,3,1,1,4,4,4,-1,-1,-1,-1,-1,-1,-1,-1,-1,-1,-1,-1,-1,-1,-1,-1
49,336,8,1,1,4,4,7,1,1,1,1,1,1,7,7,8,-1,-1,-1,-1,-1,-1,-1,-1,-1,-1,-1,-1,-1,-1,-1,-1,-1,-1,-1,-1,-1,-1,-1,-1
49,401,9,1,1,-1,,,,,,,,,,,,,,,,,,,,,,,,,,,,,,,,,,,
49,402,10,1,1,4,4,6,8,-1,-1,-1,-1,-1,-1,-1,-1,-1,-1,-1,-1,-1,-1,-1,-1,-1,-1,-1,-1,-1,-1,-1,-1,-1,-1,-1,-1,-1,-1,-1,-1
49,403,11,1,1,-1,,,,,,,,,,,,,,,,,,,,,,,,,,,,,,,,,,,
49,404,12,1,1,7,7,-1,-1,-1,-1,-1,-1,-1,-1,-1,-1,-1,-1,-1,-1,-1,-1,-1,-1,-1,-1,-1,-1,-1,-1,-1,-1,-1,-1,-1,-1,-1,-1,-1,-1
57,269,1,1,1,6,6,6,2,1,1,1,1,6,6,6,3,4,4,4,4,1,1,-1,-1,-1,-1,-1,-1,-1,-1,-1,-1,-1,-1,-1,-1,-1,-1,-1,-1
57,270,2,1,1,4,4,4,4,2,2,-1,-1,-1,-1,-1,-1,-1,-1,-1,-1,-1,-1,-1,-1,-1,-1,-1,-1,-1,-1,-1,-1,-1,-1,-1,-1,-1,-1,-1,-1
57,271,3,1,1,7,7,7,8,-1,-1,-1,-1,-1,-1,-1,-1,-1,-1,-1,-1,-1,-1,-1,-1,-1,-1,-1,-1,-1,-1,-1,-1,-1,-1,-1,-1,-1,-1,-1,-1
57,272,4,1,1,3,3,3,3,3,7,-1,-1,-1,-1,-1,-1,-1,-1,-1,-1,-1,-1,-1,-1,-1,-1,-1,-1,-1,-1,-1,-1,-1,-1,-1,-1,-1,-1,-1,-1
57,337,5,1,1,2,8,8,8,8,3,3,3,3,-1,-1,-1,-1,-1,-1,-1,-1,-1,-1,-1,-1,-1,-1,-1,-1,-1,-1,-1,-1,-1,-1,-1,-1,-1,-1,-1
57,338,6,1,1,3,8,8,8,-1,-1,-1,-1,-1,-1,-1,-1,-1,-1,-1,-1,-1,-1,-1,-1,-1,-1,-1,-1,-1,-1,-1,-1,-1,-1,-1,-1,-1,-1,-1,-1
57,339,7,1,1,7,7,-1,-1,-1,-1,-1,-1,-1,-1,-1,-1,-1,-1,-1,-1,-1,-1,-1,-1,-1,-1,-1,-1,-1,-1,-1,-1,-1,-1,-1,-1,-1,-1,-1,-1
57,340,8,1,1,6,3,3,3,3,6,6,6,-1,-1,-1,-1,-1,-1,-1,-1,-1,-1,-1,-1,-1,-1,-1,-1,-1,-1,-1,-1,-1,-1,-1,-1,-1,-1,-1,-1
57,405,9,1,1,-1,,,,,,,,,,,,,,,,,,,,,,,,,,,,,,,,,,,
57,406,10,1,1,3,6,6,6,5,5,-1,-1,-1,-1,-1,-1,-1,-1,-1,-1,-1,-1,-1,-1,-1,-1,-1,-1,-1,-1,-1,-1,-1,-1,-1,-1,-1,-1,-1,-1
57,407,11,1,1,-1,,,,,,,,,,,,,,,,,,,,,,,,,,,,,,,,,,,
57,408,12,1,1,-1,,,,,,,,,,,,,,,,,,,,,,,,,,,,,,,,,,,
59,281,1,1,1,1,1,1,1,2,2,7,2,1,1,1,1,1,4,4,8,8,7,4,4,7,-1,-1,-1,-1,-1,-1,-1,-1,-1,-1,-1,-1,-1,-1,-1
59,282,2,1,1,7,7,7,6,6,1,4,4,-1,-1,-1,-1,-1,-1,-1,-1,-1,-1,-1,-1,-1,-1,-1,-1,-1,-1,-1,-1,-1,-1,-1,-1,-1,-1,-1,-1
59,283,3,1,1,4,6,6,6,6,6,2,-1,-1,-1,-1,-1,-1,-1,-1,-1,-1,-1,-1,-1,-1,-1,-1,-1,-1,-1,-1,-1,-1,-1,-1,-1,-1,-1,-1,-1
59,284,4,1,1,2,2,-1,-1,-1,-1,-1,-1,-1,-1,-1,-1,-1,-1,-1,-1,-1,-1,-1,-1,-1,-1,-1,-1,-1,-1,-1,-1,-1,-1,-1,-1,-1,-1,-1,-1
59,349,5,1,1,7,7,7,-1,-1,-1,-1,-1,-1,-1,-1,-1,-1,-1,-1,-1,-1,-1,-1,-1,-1,-1,-1,-1,-1,-1,-1,-1,-1,-1,-1,-1,-1,-1,-1,-1
59,350,6,1,1,4,4,3,3,6,6,6,6,1,2,2,2,1,1,2,7,2,2,2,1,1,1,2,2,-1,-1,-1,-1,-1,-1,-1,-1,-1,-1,-1,-1
59,351,7,1,1,6,3,4,7,2,2,2,-1,-1,-1,-1,-1,-1,-1,-1,-1,-1,-1,-1,-1,-1,-1,-1,-1,-1,-1,-1,-1,-1,-1,-1,-1,-1,-1,-1,-1
59,352,8,1,1,4,4,4,2,2,2,3,3,1,1,1,1,6,6,6,6,2,2,1,1,-1,-1,-1,-1,-1,-1,-1,-1,-1,-1,-1,-1,-1,-1,-1,-1
59,417,9,1,1,6,6,7,7,1,1,1,1,1,1,1,1,6,6,6,4,4,4,3,4,-1,-1,-1,-1,-1,-1,-1,-1,-1,-1,-1,-1,-1,-1,-1,-1
59,418,10,1,1,-1,,,,,,,,,,,,,,,,,,,,,,,,,,,,,,,,,,,
59,419,11,1,1,3,3,-1,-1,-1,-1,-1,-1,-1,-1,-1,-1,-1,-1,-1,-1,-1,-1,-1,-1,-1,-1,-1,-1,-1,-1,-1,-1,-1,-1,-1,-1,-1,-1,-1,-1
59,420,12,1,1,2,7,8,8,8,2,2,7,7,7,2,1,2,7,7,7,-1,-1,-1,-1,-1,-1,-1,-1,-1,-1,-1,-1,-1,-1,-1,-1,-1,-1,-1,-1
82,285,1,1,1,1,2,2,2,2,1,1,1,2,2,2,1,1,1,1,1,2,6,6,6,1,1,1,2,2,-1,-1,-1,-1,-1,-1,-1,-1,-1,-1,-1
82,286,2,1,1,2,2,2,7,7,1,4,4,6,6,6,1,1,1,1,1,1,2,2,1,1,2,2,2,2,-1,-1,-1,-1,-1,-1,-1,-1,-1,-1,-1
82,287,3,1,1,1,1,1,1,2,2,2,2,1,1,7,7,7,2,2,2,7,3,3,2,2,7,7,7,-1,-1,-1,-1,-1,-1,-1,-1,-1,-1,-1,-1
82,288,4,1,1,7,7,2,2,4,4,1,7,8,8,-1,-1,-1,-1,-1,-1,-1,-1,-1,-1,-1,-1,-1,-1,-1,-1,-1,-1,-1,-1,-1,-1,-1,-1,-1,-1
82,353,5,1,1,2,2,2,-1,-1,-1,-1,-1,-1,-1,-1,-1,-1,-1,-1,-1,-1,-1,-1,-1,-1,-1,-1,-1,-1,-1,-1,-1,-1,-1,-1,-1,-1,-1,-1,-1
82,354,6,1,1,7,8,8,8,8,8,8,6,6,6,1,1,1,1,1,7,7,2,2,1,1,1,1,-1,-1,-1,-1,-1,-1,-1,-1,-1,-1,-1,-1,-1
82,355,7,1,1,7,8,8,7,7,8,8,8,7,1,1,7,2,2,2,2,2,-1,-1,-1,-1,-1,-1,-1,-1,-1,-1,-1,-1,-1,-1,-1,-1,-1,-1,-1
82,356,8,1,1,-1,,,,,,,,,,,,,,,,,,,,,,,,,,,,,,,,,,,
82,421,9,1,1,4,4,7,7,7,2,1,1,-1,-1,-1,-1,-1,-1,-1,-1,-1,-1,-1,-1,-1,-1,-1,-1,-1,-1,-1,-1,-1,-1,-1,-1,-1,-1,-1,-1
82,422,10,1,1,-1,,,,,,,,,,,,,,,,,,,,,,,,,,,,,,,,,,,
82,423,11,1,1,6,6,3,-1,-1,-1,-1,-1,-1,-1,-1,-1,-1,-1,-1,-1,-1,-1,-1,-1,-1,-1,-1,-1,-1,-1,-1,-1,-1,-1,-1,-1,-1,-1,-1,-1
82,424,12,1,1,6,6,6,7,1,1,1,1,7,7,7,2,2,7,-1,-1,-1,-1,-1,-1,-1,-1,-1,-1,-1,-1,-1,-1,-1,-1,-1,-1,-1,-1,-1,-1
65,297,1,1,1,1,1,1,1,1,1,2,2,1,1,1,4,4,-1,-1,-1,-1,-1,-1,-1,-1,-1,-1,-1,-1,-1,-1,-1,-1,-1,-1,-1,-1,-1,-1,-1
65,298,2,1,1,3,3,3,3,5,5,8,7,7,7,8,7,7,1,4,4,4,1,2,2,3,3,2,2,2,-1,-1,-1,-1,-1,-1,-1,-1,-1,-1,-1
65,299,3,1,1,6,6,6,5,7,1,1,2,2,7,7,1,1,1,7,7,3,6,6,2,7,7,-1,-1,-1,-1,-1,-1,-1,-1,-1,-1,-1,-1,-1,-1
65,300,4,1,1,7,7,2,2,2,2,4,4,1,1,5,5,7,2,2,3,-1,-1,-1,-1,-1,-1,-1,-1,-1,-1,-1,-1,-1,-1,-1,-1,-1,-1,-1,-1
65,365,5,1,1,2,1,1,1,1,1,1,1,1,2,2,7,4,4,4,2,-1,-1,-1,-1,-1,-1,-1,-1,-1,-1,-1,-1,-1,-1,-1,-1,-1,-1,-1,-1
65,366,6,1,1,5,8,8,5,5,6,6,2,7,7,7,2,1,7,7,3,3,6,-1,-1,-1,-1,-1,-1,-1,-1,-1,-1,-1,-1,-1,-1,-1,-1,-1,-1
65,367,7,1,1,5,5,5,7,7,7,-1,-1,-1,-1,-1,-1,-1,-1,-1,-1,-1,-1,-1,-1,-1,-1,-1,-1,-1,-1,-1,-1,-1,-1,-1,-1,-1,-1,-1,-1
65,368,8,1,1,7,7,7,-1,-1,-1,-1,-1,-1,-1,-1,-1,-1,-1,-1,-1,-1,-1,-1,-1,-1,-1,-1,-1,-1,-1,-1,-1,-1,-1,-1,-1,-1,-1,-1,-1
65,433,9,1,1,3,3,5,5,5,5,5,5,-1,-1,-1,-1,-1,-1,-1,-1,-1,-1,-1,-1,-1,-1,-1,-1,-1,-1,-1,-1,-1,-1,-1,-1,-1,-1,-1,-1
65,434,10,1,1,7,7,7,7,-1,-1,-1,-1,-1,-1,-1,-1,-1,-1,-1,-1,-1,-1,-1,-1,-1,-1,-1,-1,-1,-1,-1,-1,-1,-1,-1,-1,-1,-1,-1,-1
65,435,11,1,1,4,4,4,4,4,4,4,4,6,6,6,6,2,2,2,6,6,6,8,8,8,-1,-1,-1,-1,-1,-1,-1,-1,-1,-1,-1,-1,-1,-1,-1
65,436,12,1,1,7,2,8,8,-1,-1,-1,-1,-1,-1,-1,-1,-1,-1,-1,-1,-1,-1,-1,-1,-1,-1,-1,-1,-1,-1,-1,-1,-1,-1,-1,-1,-1,-1,-1,-1
90,445,1,1,1,2,2,1,1,1,1,1,1,1,4,4,4,7,1,1,2,2,1,1,1,1,1,2,2,7,7,7,-1,-1,-1,-1,-1,-1,-1,-1,-1
90,446,2,1,1,7,7,7,1,1,1,2,7,-1,-1,-1,-1,-1,-1,-1,-1,-1,-1,-1,-1,-1,-1,-1,-1,-1,-1,-1,-1,-1,-1,-1,-1,-1,-1,-1,-1
90,447,3,1,1,2,8,8,8,8,2,2,7,7,3,3,3,4,4,3,-1,-1,-1,-1,-1,-1,-1,-1,-1,-1,-1,-1,-1,-1,-1,-1,-1,-1,-1,-1,-1
90,448,4,1,1,2,4,4,3,3,2,5,5,6,6,6,3,3,3,3,6,6,8,8,7,1,-1,-1,-1,-1,-1,-1,-1,-1,-1,-1,-1,-1,-1,-1,-1
90,525,5,1,1,7,6,6,6,-1,-1,-1,-1,-1,-1,-1,-1,-1,-1,-1,-1,-1,-1,-1,-1,-1,-1,-1,-1,-1,-1,-1,-1,-1,-1,-1,-1,-1,-1,-1,-1
90,526,6,1,1,3,3,3,3,6,6,3,3,7,7,3,3,3,3,4,7,7,3,3,3,-1,-1,-1,-1,-1,-1,-1,-1,-1,-1,-1,-1,-1,-1,-1,-1
90,527,7,1,1,3,3,4,6,6,4,4,3,5,5,-1,-1,-1,-1,-1,-1,-1,-1,-1,-1,-1,-1,-1,-1,-1,-1,-1,-1,-1,-1,-1,-1,-1,-1,-1,-1
90,528,8,1,1,3,3,-1,-1,-1,-1,-1,-1,-1,-1,-1,-1,-1,-1,-1,-1,-1,-1,-1,-1,-1,-1,-1,-1,-1,-1,-1,-1,-1,-1,-1,-1,-1,-1,-1,-1
90,605,9,1,1,-1,,,,,,,,,,,,,,,,,,,,,,,,,,,,,,,,,,,
90,606,10,1,1,3,4,4,4,7,7,7,2,5,8,8,8,8,-1,-1,-1,-1,-1,-1,-1,-1,-1,-1,-1,-1,-1,-1,-1,-1,-1,-1,-1,-1,-1,-1,-1
90,607,11,1,1,-1,,,,,,,,,,,,,,,,,,,,,,,,,,,,,,,,,,,
90,608,12,1,1,5,5,5,5,3,-1,-1,-1,-1,-1,-1,-1,-1,-1,-1,-1,-1,-1,-1,-1,-1,-1,-1,-1,-1,-1,-1,-1,-1,-1,-1,-1,-1,-1,-1,-1
67,449,1,1,1,3,3,3,2,1,1,1,-1,-1,-1,-1,-1,-1,-1,-1,-1,-1,-1,-1,-1,-1,-1,-1,-1,-1,-1,-1,-1,-1,-1,-1,-1,-1,-1,-1,-1
67,450,2,1,1,7,7,-1,-1,-1,-1,-1,-1,-1,-1,-1,-1,-1,-1,-1,-1,-1,-1,-1,-1,-1,-1,-1,-1,-1,-1,-1,-1,-1,-1,-1,-1,-1,-1,-1,-1
67,451,3,1,1,-1,,,,,,,,,,,,,,,,,,,,,,,,,,,,,,,,,,,
67,452,4,1,1,7,6,6,6,6,7,7,-1,-1,-1,-1,-1,-1,-1,-1,-1,-1,-1,-1,-1,-1,-1,-1,-1,-1,-1,-1,-1,-1,-1,-1,-1,-1,-1,-1,-1
67,529,5,1,1,-1,,,,,,,,,,,,,,,,,,,,,,,,,,,,,,,,,,,
67,530,6,1,1,6,6,3,3,3,3,3,1,4,4,4,1,2,2,3,3,3,3,7,7,7,-1,-1,-1,-1,-1,-1,-1,-1,-1,-1,-1,-1,-1,-1,-1
67,531,7,1,1,4,4,6,-1,-1,-1,-1,-1,-1,-1,-1,-1,-1,-1,-1,-1,-1,-1,-1,-1,-1,-1,-1,-1,-1,-1,-1,-1,-1,-1,-1,-1,-1,-1,-1,-1
67,532,8,1,1,3,2,3,-1,-1,-1,-1,-1,-1,-1,-1,-1,-1,-1,-1,-1,-1,-1,-1,-1,-1,-1,-1,-1,-1,-1,-1,-1,-1,-1,-1,-1,-1,-1,-1,-1
67,609,9,1,1,4,4,4,4,7,3,3,1,1,1,1,1,1,7,7,7,2,7,7,3,3,3,-1,-1,-1,-1,-1,-1,-1,-1,-1,-1,-1,-1,-1,-1
67,610,10,1,1,7,7,7,-1,-1,-1,-1,-1,-1,-1,-1,-1,-1,-1,-1,-1,-1,-1,-1,-1,-1,-1,-1,-1,-1,-1,-1,-1,-1,-1,-1,-1,-1,-1,-1,-1
67,611,11,1,1,-1,,,,,,,,,,,,,,,,,,,,,,,,,,,,,,,,,,,
67,612,12,1,1,2,2,7,-1,-1,-1,-1,-1,-1,-1,-1,-1,-1,-1,-1,-1,-1,-1,-1,-1,-1,-1,-1,-1,-1,-1,-1,-1,-1,-1,-1,-1,-1,-1,-1,-1
50,461,1,1,1,1,1,1,4,4,4,2,2,2,2,2,7,-1,-1,-1,-1,-1,-1,-1,-1,-1,-1,-1,-1,-1,-1,-1,-1,-1,-1,-1,-1,-1,-1,-1,-1
50,462,2,1,1,2,2,2,7,7,2,2,2,2,2,2,1,1,1,1,2,1,1,2,2,3,7,7,-1,-1,-1,-1,-1,-1,-1,-1,-1,-1,-1,-1,-1
50,463,3,1,1,2,2,1,1,7,7,1,1,1,5,5,5,6,6,2,7,7,2,2,2,2,-1,-1,-1,-1,-1,-1,-1,-1,-1,-1,-1,-1,-1,-1,-1
50,464,4,1,1,2,2,2,7,7,7,2,2,-1,-1,-1,-1,-1,-1,-1,-1,-1,-1,-1,-1,-1,-1,-1,-1,-1,-1,-1,-1,-1,-1,-1,-1,-1,-1,-1,-1
50,541,5,1,1,7,7,2,2,7,7,7,2,5,5,7,5,5,5,5,2,2,8,8,8,3,7,5,5,5,-1,-1,-1,-1,-1,-1,-1,-1,-1,-1,-1
50,542,6,1,1,6,6,6,-1,-1,-1,-1,-1,-1,-1,-1,-1,-1,-1,-1,-1,-1,-1,-1,-1,-1,-1,-1,-1,-1,-1,-1,-1,-1,-1,-1,-1,-1,-1,-1,-1
50,543,7,1,1,6,6,6,6,6,-1,-1,-1,-1,-1,-1,-1,-1,-1,-1,-1,-1,-1,-1,-1,-1,-1,-1,-1,-1,-1,-1,-1,-1,-1,-1,-1,-1,-1,-1,-1
50,544,8,1,1,6,3,3,3,3,3,3,3,3,6,6,6,3,3,4,4,6,6,6,6,6,5,5,5,5,-1,-1,-1,-1,-1,-1,-1,-1,-1,-1,-1
50,621,9,1,1,6,5,5,5,5,5,5,5,3,5,5,5,5,3,5,5,5,5,7,5,5,5,5,2,2,2,7,-1,-1,-1,-1,-1,-1,-1,-1,-1
50,622,10,1,1,-1,,,,,,,,,,,,,,,,,,,,,,,,,,,,,,,,,,,
50,623,11,1,1,-1,,,,,,,,,,,,,,,,,,,,,,,,,,,,,,,,,,,
50,624,12,1,1,5,5,3,1,1,1,7,5,5,5,2,-1,-1,-1,-1,-1,-1,-1,-1,-1,-1,-1,-1,-1,-1,-1,-1,-1,-1,-1,-1,-1,-1,-1,-1,-1
100,465,1,1,1,1,1,1,2,2,8,8,8,7,4,4,4,4,1,1,1,1,1,1,1,-1,-1,-1,-1,-1,-1,-1,-1,-1,-1,-1,-1,-1,-1,-1,-1
100,466,2,1,1,4,4,4,7,7,1,1,1,1,1,1,2,2,1,1,1,4,4,1,7,7,2,-1,-1,-1,-1,-1,-1,-1,-1,-1,-1,-1,-1,-1,-1
100,467,3,1,1,7,7,7,7,1,1,7,7,2,2,2,7,7,7,3,-1,-1,-1,-1,-1,-1,-1,-1,-1,-1,-1,-1,-1,-1,-1,-1,-1,-1,-1,-1,-1
100,468,4,1,1,1,1,2,2,2,2,7,-1,-1,-1,-1,-1,-1,-1,-1,-1,-1,-1,-1,-1,-1,-1,-1,-1,-1,-1,-1,-1,-1,-1,-1,-1,-1,-1,-1,-1
100,545,5,1,1,1,1,1,1,1,1,7,7,2,3,3,3,3,2,2,1,1,2,2,6,6,-1,-1,-1,-1,-1,-1,-1,-1,-1,-1,-1,-1,-1,-1,-1
100,546,6,1,1,6,6,4,6,7,3,3,7,7,8,7,2,-1,-1,-1,-1,-1,-1,-1,-1,-1,-1,-1,-1,-1,-1,-1,-1,-1,-1,-1,-1,-1,-1,-1,-1
100,547,7,1,1,2,2,2,-1,-1,-1,-1,-1,-1,-1,-1,-1,-1,-1,-1,-1,-1,-1,-1,-1,-1,-1,-1,-1,-1,-1,-1,-1,-1,-1,-1,-1,-1,-1,-1,-1
100,548,8,1,1,7,3,3,3,2,7,7,7,7,7,3,1,7,7,3,3,8,8,8,3,3,7,7,-1,-1,-1,-1,-1,-1,-1,-1,-1,-1,-1,-1,-1
100,625,9,1,1,7,7,7,4,4,-1,-1,-1,-1,-1,-1,-1,-1,-1,-1,-1,-1,-1,-1,-1,-1,-1,-1,-1,-1,-1,-1,-1,-1,-1,-1,-1,-1,-1,-1,-1
100,626,10,1,1,-1,,,,,,,,,,,,,,,,,,,,,,,,,,,,,,,,,,,
100,627,11,1,1,5,5,3,3,2,2,2,2,7,7,4,4,2,5,5,5,2,-1,-1,-1,-1,-1,-1,-1,-1,-1,-1,-1,-1,-1,-1,-1,-1,-1,-1,-1
100,628,12,1,1,3,4,4,6,6,1,7,7,6,6,6,3,-1,-1,-1,-1,-1,-1,-1,-1,-1,-1,-1,-1,-1,-1,-1,-1,-1,-1,-1,-1,-1,-1,-1,-1
75,477,1,1,1,1,2,2,1,1,2,2,2,2,2,2,4,4,4,1,1,1,7,1,2,2,2,-1,-1,-1,-1,-1,-1,-1,-1,-1,-1,-1,-1,-1,-1
75,478,2,1,1,7,7,7,7,2,2,1,1,2,2,1,1,1,4,7,7,2,2,2,-1,-1,-1,-1,-1,-1,-1,-1,-1,-1,-1,-1,-1,-1,-1,-1,-1
75,479,3,1,1,6,6,6,6,3,6,2,7,7,7,2,3,7,7,2,2,1,1,1,1,1,1,1,-1,-1,-1,-1,-1,-1,-1,-1,-1,-1,-1,-1,-1
75,480,4,1,1,-1,,,,,,,,,,,,,,,,,,,,,,,,,,,,,,,,,,,
75,557,5,1,1,3,3,7,5,5,7,2,5,5,5,5,5,5,5,7,1,2,2,7,7,1,1,1,1,2,2,2,2,7,7,7,-1,-1,-1,-1,-1
75,558,6,1,1,2,6,6,6,6,6,7,7,3,3,3,7,7,7,2,1,2,-1,-1,-1,-1,-1,-1,-1,-1,-1,-1,-1,-1,-1,-1,-1,-1,-1,-1,-1
75,559,7,1,1,1,1,1,1,1,2,7,7,2,2,2,1,1,7,7,7,4,4,4,2,7,3,3,3,-1,-1,-1,-1,-1,-1,-1,-1,-1,-1,-1,-1
75,560,8,1,1,4,4,4,3,-1,-1,-1,-1,-1,-1,-1,-1,-1,-1,-1,-1,-1,-1,-1,-1,-1,-1,-1,-1,-1,-1,-1,-1,-1,-1,-1,-1,-1,-1,-1,-1
75,637,9,1,1,6,5,5,5,3,3,3,4,4,2,2,2,2,2,2,6,5,5,-1,-1,-1,-1,-1,-1,-1,-1,-1,-1,-1,-1,-1,-1,-1,-1,-1,-1
75,638,10,1,1,6,6,-1,-1,-1,-1,-1,-1,-1,-1,-1,-1,-1,-1,-1,-1,-1,-1,-1,-1,-1,-1,-1,-1,-1,-1,-1,-1,-1,-1,-1,-1,-1,-1,-1,-1
75,639,11,1,1,8,8,8,8,8,7,6,3,3,-1,-1,-1,-1,-1,-1,-1,-1,-1,-1,-1,-1,-1,-1,-1,-1,-1,-1,-1,-1,-1,-1,-1,-1,-1,-1,-1
75,640,12,1,1,4,4,3,3,3,6,6,1,1,1,7,7,3,3,6,6,6,6,3,7,3,3,3,-1,-1,-1,-1,-1,-1,-1,-1,-1,-1,-1,-1,-1
83,481,1,1,1,4,4,1,1,1,1,1,2,2,1,4,4,4,1,1,1,7,7,7,4,4,4,-1,-1,-1,-1,-1,-1,-1,-1,-1,-1,-1,-1,-1,-1
83,482,2,1,1,2,2,2,2,-1,-1,-1,-1,-1,-1,-1,-1,-1,-1,-1,-1,-1,-1,-1,-1,-1,-1,-1,-1,-1,-1,-1,-1,-1,-1,-1,-1,-1,-1,-1,-1
83,483,3,1,1,1,1,7,7,7,-1,-1,-1,-1,-1,-1,-1,-1,-1,-1,-1,-1,-1,-1,-1,-1,-1,-1,-1,-1,-1,-1,-1,-1,-1,-1,-1,-1,-1,-1,-1
83,484,4,1,1,1,1,2,7,7,2,2,2,7,7,3,3,6,4,4,7,2,2,2,2,2,-1,-1,-1,-1,-1,-1,-1,-1,-1,-1,-1,-1,-1,-1,-1
83,561,5,1,1,2,3,3,7,7,7,2,2,3,3,3,4,1,1,1,2,6,6,6,6,6,6,2,-1,-1,-1,-1,-1,-1,-1,-1,-1,-1,-1,-1,-1
83,562,6,1,1,2,2,5,5,5,5,5,8,-1,-1,-1,-1,-1,-1,-1,-1,-1,-1,-1,-1,-1,-1,-1,-1,-1,-1,-1,-1,-1,-1,-1,-1,-1,-1,-1,-1
83,563,7,1,1,6,6,6,3,6,6,4,6,5,5,5,5,8,8,-1,-1,-1,-1,-1,-1,-1,-1,-1,-1,-1,-1,-1,-1,-1,-1,-1,-1,-1,-1,-1,-1
83,564,8,1,1,8,8,-1,-1,-1,-1,-1,-1,-1,-1,-1,-1,-1,-1,-1,-1,-1,-1,-1,-1,-1,-1,-1,-1,-1,-1,-1,-1,-1,-1,-1,-1,-1,-1,-1,-1
83,641,9,1,1,2,2,7,7,6,4,4,4,8,8,8,-1,-1,-1,-1,-1,-1,-1,-1,-1,-1,-1,-1,-1,-1,-1,-1,-1,-1,-1,-1,-1,-1,-1,-1,-1
83,642,10,1,1,4,4,4,4,6,-1,-1,-1,-1,-1,-1,-1,-1,-1,-1,-1,-1,-1,-1,-1,-1,-1,-1,-1,-1,-1,-1,-1,-1,-1,-1,-1,-1,-1,-1,-1
83,643,11,1,1,-1,,,,,,,,,,,,,,,,,,,,,,,,,,,,,,,,,,,
83,644,12,1,1,3,3,3,1,7,7,-1,-1,-1,-1,-1,-1,-1,-1,-1,-1,-1,-1,-1,-1,-1,-1,-1,-1,-1,-1,-1,-1,-1,-1,-1,-1,-1,-1,-1,-1
71,493,1,1,1,1,1,1,1,1,7,7,7,4,1,1,1,1,1,1,1,1,4,4,1,1,1,1,1,1,1,1,1,-1,-1,-1,-1,-1,-1,-1,-1
71,494,2,1,1,7,7,7,7,4,4,4,4,8,8,8,8,8,7,7,7,-1,-1,-1,-1,-1,-1,-1,-1,-1,-1,-1,-1,-1,-1,-1,-1,-1,-1,-1,-1
71,495,3,1,1,4,6,6,6,3,3,2,3,6,4,4,-1,-1,-1,-1,-1,-1,-1,-1,-1,-1,-1,-1,-1,-1,-1,-1,-1,-1,-1,-1,-1,-1,-1,-1,-1
71,496,4,1,1,7,6,6,6,7,4,4,4,1,1,4,4,4,1,1,1,7,7,7,-1,-1,-1,-1,-1,-1,-1,-1,-1,-1,-1,-1,-1,-1,-1,-1,-1
71,573,5,1,1,2,2,2,2,2,1,1,1,1,1,1,1,1,1,1,1,1,1,1,1,1,1,4,4,2,2,2,1,-1,-1,-1,-1,-1,-1,-1,-1
71,574,6,1,1,7,7,7,2,1,1,2,2,1,1,1,1,1,7,4,4,7,7,2,2,7,7,7,-1,-1,-1,-1,-1,-1,-1,-1,-1,-1,-1,-1,-1
71,575,7,1,1,7,8,8,8,2,2,2,3,2,2,2,7,7,7,5,5,-1,-1,-1,-1,-1,-1,-1,-1,-1,-1,-1,-1,-1,-1,-1,-1,-1,-1,-1,-1
71,576,8,1,1,5,7,5,3,-1,-1,-1,-1,-1,-1,-1,-1,-1,-1,-1,-1,-1,-1,-1,-1,-1,-1,-1,-1,-1,-1,-1,-1,-1,-1,-1,-1,-1,-1,-1,-1
71,653,9,1,1,7,7,7,3,-1,-1,-1,-1,-1,-1,-1,-1,-1,-1,-1,-1,-1,-1,-1,-1,-1,-1,-1,-1,-1,-1,-1,-1,-1,-1,-1,-1,-1,-1,-1,-1
71,654,10,1,1,6,6,3,3,3,-1,-1,-1,-1,-1,-1,-1,-1,-1,-1,-1,-1,-1,-1,-1,-1,-1,-1,-1,-1,-1,-1,-1,-1,-1,-1,-1,-1,-1,-1,-1
71,655,11,1,1,-1,,,,,,,,,,,,,,,,,,,,,,,,,,,,,,,,,,,
71,656,12,1,1,-1,,,,,,,,,,,,,,,,,,,,,,,,,,,,,,,,,,,
111,497,1,1,1,4,4,1,1,1,1,4,4,1,1,4,4,4,1,1,1,1,1,1,1,1,7,-1,-1,-1,-1,-1,-1,-1,-1,-1,-1,-1,-1,-1,-1
111,498,2,1,1,2,2,6,6,6,4,4,4,2,2,2,2,2,1,4,4,4,1,1,-1,-1,-1,-1,-1,-1,-1,-1,-1,-1,-1,-1,-1,-1,-1,-1,-1
111,499,3,1,1,7,8,8,3,3,7,7,2,2,2,1,7,-1,-1,-1,-1,-1,-1,-1,-1,-1,-1,-1,-1,-1,-1,-1,-1,-1,-1,-1,-1,-1,-1,-1,-1
111,500,4,1,1,3,3,3,6,6,6,7,7,4,2,2,2,-1,-1,-1,-1,-1,-1,-1,-1,-1,-1,-1,-1,-1,-1,-1,-1,-1,-1,-1,-1,-1,-1,-1,-1
111,577,5,1,1,5,5,5,1,1,2,2,3,2,2,7,7,4,4,1,1,1,1,1,1,2,2,-1,-1,-1,-1,-1,-1,-1,-1,-1,-1,-1,-1,-1,-1
111,578,6,1,1,6,6,6,-1,-1,-1,-1,-1,-1,-1,-1,-1,-1,-1,-1,-1,-1,-1,-1,-1,-1,-1,-1,-1,-1,-1,-1,-1,-1,-1,-1,-1,-1,-1,-1,-1
111,579,7,1,1,7,5,5,5,3,3,3,3,2,4,4,4,8,8,8,2,2,-1,-1,-1,-1,-1,-1,-1,-1,-1,-1,-1,-1,-1,-1,-1,-1,-1,-1,-1
111,580,8,1,1,3,3,6,-1,-1,-1,-1,-1,-1,-1,-1,-1,-1,-1,-1,-1,-1,-1,-1,-1,-1,-1,-1,-1,-1,-1,-1,-1,-1,-1,-1,-1,-1,-1,-1,-1
111,657,9,1,1,5,5,5,2,2,7,5,5,3,3,3,7,1,7,3,3,5,5,7,-1,-1,-1,-1,-1,-1,-1,-1,-1,-1,-1,-1,-1,-1,-1,-1,-1
111,658,10,1,1,3,3,3,2,2,2,2,7,7,7,2,2,2,8,8,8,-1,-1,-1,-1,-1,-1,-1,-1,-1,-1,-1,-1,-1,-1,-1,-1,-1,-1,-1,-1
111,659,11,1,1,7,7,1,1,1,2,2,7,7,7,7,7,3,3,3,6,6,6,2,2,-1,-1,-1,-1,-1,-1,-1,-1,-1,-1,-1,-1,-1,-1,-1,-1
111,660,12,1,1,-1,,,,,,,,,,,,,,,,,,,,,,,,,,,,,,,,,,,
61,509,1,1,1,1,1,1,1,1,1,1,1,1,1,4,4,1,1,1,1,1,1,1,4,4,4,1,-1,-1,-1,-1,-1,-1,-1,-1,-1,-1,-1,-1,-1
61,510,2,1,1,7,7,7,2,2,1,1,1,4,7,7,4,4,7,7,7,2,2,7,6,3,3,3,2,2,-1,-1,-1,-1,-1,-1,-1,-1,-1,-1,-1
61,511,3,1,1,7,7,5,5,5,7,8,8,8,7,7,7,4,4,4,4,4,7,1,1,1,-1,-1,-1,-1,-1,-1,-1,-1,-1,-1,-1,-1,-1,-1,-1
61,512,4,1,1,5,5,3,2,-1,-1,-1,-1,-1,-1,-1,-1,-1,-1,-1,-1,-1,-1,-1,-1,-1,-1,-1,-1,-1,-1,-1,-1,-1,-1,-1,-1,-1,-1,-1,-1
61,589,5,1,1,3,3,3,2,2,1,1,2,2,2,-1,-1,-1,-1,-1,-1,-1,-1,-1,-1,-1,-1,-1,-1,-1,-1,-1,-1,-1,-1,-1,-1,-1,-1,-1,-1
61,590,6,1,1,3,5,5,3,3,3,-1,-1,-1,-1,-1,-1,-1,-1,-1,-1,-1,-1,-1,-1,-1,-1,-1,-1,-1,-1,-1,-1,-1,-1,-1,-1,-1,-1,-1,-1
61,591,7,1,1,8,8,8,8,7,7,2,2,2,2,8,8,8,6,3,3,3,6,-1,-1,-1,-1,-1,-1,-1,-1,-1,-1,-1,-1,-1,-1,-1,-1,-1,-1
61,592,8,1,1,2,2,5,-1,-1,-1,-1,-1,-1,-1,-1,-1,-1,-1,-1,-1,-1,-1,-1,-1,-1,-1,-1,-1,-1,-1,-1,-1,-1,-1,-1,-1,-1,-1,-1,-1
61,669,9,1,1,-1,,,,,,,,,,,,,,,,,,,,,,,,,,,,,,,,,,,
61,670,10,1,1,5,5,5,6,6,6,3,3,8,8,7,2,2,3,5,5,3,3,3,7,7,7,2,-1,-1,-1,-1,-1,-1,-1,-1,-1,-1,-1,-1,-1
61,671,11,1,1,6,6,6,6,3,2,2,-1,-1,-1,-1,-1,-1,-1,-1,-1,-1,-1,-1,-1,-1,-1,-1,-1,-1,-1,-1,-1,-1,-1,-1,-1,-1,-1,-1,-1
61,672,12,1,1,6,6,4,6,7,5,5,5,2,2,7,7,3,2,2,7,7,2,2,2,3,-1,-1,-1,-1,-1,-1,-1,-1,-1,-1,-1,-1,-1,-1,-1
94,513,1,1,1,1,1,1,1,2,7,-1,-1,-1,-1,-1,-1,-1,-1,-1,-1,-1,-1,-1,-1,-1,-1,-1,-1,-1,-1,-1,-1,-1,-1,-1,-1,-1,-1,-1,-1
94,514,2,1,1,7,7,7,5,5,3,2,2,4,3,3,1,1,1,1,4,4,6,6,6,2,6,3,3,-1,-1,-1,-1,-1,-1,-1,-1,-1,-1,-1,-1
94,515,3,1,1,2,2,1,1,7,7,7,2,5,5,5,2,1,1,2,-1,-1,-1,-1,-1,-1,-1,-1,-1,-1,-1,-1,-1,-1,-1,-1,-1,-1,-1,-1,-1
94,516,4,1,1,2,3,3,7,2,2,2,7,7,2,2,3,-1,-1,-1,-1,-1,-1,-1,-1,-1,-1,-1,-1,-1,-1,-1,-1,-1,-1,-1,-1,-1,-1,-1,-1
94,593,5,1,1,1,1,1,-1,-1,-1,-1,-1,-1,-1,-1,-1,-1,-1,-1,-1,-1,-1,-1,-1,-1,-1,-1,-1,-1,-1,-1,-1,-1,-1,-1,-1,-1,-1,-1,-1
94,594,6,1,1,7,8,8,8,7,7,8,8,8,2,2,1,1,1,1,2,2,2,7,7,7,1,1,4,7,7,7,7,-1,-1,-1,-1,-1,-1,-1,-1
94,595,7,1,1,5,5,5,5,5,2,2,1,4,4,4,2,2,2,2,7,7,2,2,2,2,2,2,2,7,-1,-1,-1,-1,-1,-1,-1,-1,-1,-1,-1
94,596,8,1,1,-1,,,,,,,,,,,,,,,,,,,,,,,,,,,,,,,,,,,
94,673,9,1,1,3,3,5,5,-1,-1,-1,-1,-1,-1,-1,-1,-1,-1,-1,-1,-1,-1,-1,-1,-1,-1,-1,-1,-1,-1,-1,-1,-1,-1,-1,-1,-1,-1,-1,-1
94,674,10,1,1,6,6,6,3,3,3,7,7,7,1,1,6,6,6,2,3,3,3,2,-1,-1,-1,-1,-1,-1,-1,-1,-1,-1,-1,-1,-1,-1,-1,-1,-1
94,675,11,1,1,-1,,,,,,,,,,,,,,,,,,,,,,,,,,,,,,,,,,,
94,676,12,1,1,4,4,4,4,6,6,8,8,8,-1,-1,-1,-1,-1,-1,-1,-1,-1,-1,-1,-1,-1,-1,-1,-1,-1,-1,-1,-1,-1,-1,-1,-1,-1,-1,-1
88,1,1,2,2,7,7,1,1,1,7,7,7,1,1,2,2,1,1,1,1,1,1,1,4,2,2,6,2,2,1,1,1,2,-1,-1,-1,-1,-1,-1,-1
88,2,2,2,2,-1,,,,,,,,,,,,,,,,,,,,,,,,,,,,,,,,,,,
88,3,3,2,2,2,2,7,7,5,5,2,2,2,2,2,2,2,7,7,1,1,1,1,8,8,8,8,6,1,1,-1,-1,-1,-1,-1,-1,-1,-1,-1,-1
88,4,4,2,2,3,3,5,5,5,6,-1,-1,-1,-1,-1,-1,-1,-1,-1,-1,-1,-1,-1,-1,-1,-1,-1,-1,-1,-1,-1,-1,-1,-1,-1,-1,-1,-1,-1,-1
88,81,5,2,2,2,2,2,1,1,1,1,1,1,7,7,-1,-1,-1,-1,-1,-1,-1,-1,-1,-1,-1,-1,-1,-1,-1,-1,-1,-1,-1,-1,-1,-1,-1,-1,-1
88,82,6,2,2,7,7,7,-1,-1,-1,-1,-1,-1,-1,-1,-1,-1,-1,-1,-1,-1,-1,-1,-1,-1,-1,-1,-1,-1,-1,-1,-1,-1,-1,-1,-1,-1,-1,-1,-1
88,83,7,2,2,-1,,,,,,,,,,,,,,,,,,,,,,,,,,,,,,,,,,,
88,84,8,2,2,1,1,1,7,7,7,3,3,-1,-1,-1,-1,-1,-1,-1,-1,-1,-1,-1,-1,-1,-1,-1,-1,-1,-1,-1,-1,-1,-1,-1,-1,-1,-1,-1,-1
88,161,9,2,2,6,6,6,7,7,-1,-1,-1,-1,-1,-1,-1,-1,-1,-1,-1,-1,-1,-1,-1,-1,-1,-1,-1,-1,-1,-1,-1,-1,-1,-1,-1,-1,-1,-1,-1
88,162,10,2,2,-1,,,,,,,,,,,,,,,,,,,,,,,,,,,,,,,,,,,
88,163,11,2,2,7,7,-1,-1,-1,-1,-1,-1,-1,-1,-1,-1,-1,-1,-1,-1,-1,-1,-1,-1,-1,-1,-1,-1,-1,-1,-1,-1,-1,-1,-1,-1,-1,-1,-1,-1
88,164,12,2,2,-1,,,,,,,,,,,,,,,,,,,,,,,,,,,,,,,,,,,
104,5,1,2,2,7,7,2,2,1,1,1,1,1,1,1,1,1,1,1,1,1,1,1,1,1,1,1,1,1,1,-1,-1,-1,-1,-1,-1,-1,-1,-1,-1
104,6,2,2,2,7,2,2,2,7,7,2,2,2,7,7,1,2,2,7,7,7,2,2,1,1,2,2,3,7,7,2,2,2,7,7,7,7,-1,-1,-1
104,7,3,2,2,3,2,4,6,-1,-1,-1,-1,-1,-1,-1,-1,-1,-1,-1,-1,-1,-1,-1,-1,-1,-1,-1,-1,-1,-1,-1,-1,-1,-1,-1,-1,-1,-1,-1,-1
104,8,4,2,2,6,6,4,2,2,3,3,-1,-1,-1,-1,-1,-1,-1,-1,-1,-1,-1,-1,-1,-1,-1,-1,-1,-1,-1,-1,-1,-1,-1,-1,-1,-1,-1,-1,-1
104,85,5,2,2,2,2,2,1,1,1,1,1,1,1,1,7,7,7,3,-1,-1,-1,-1,-1,-1,-1,-1,-1,-1,-1,-1,-1,-1,-1,-1,-1,-1,-1,-1,-1
104,86,6,2,2,-1,,,,,,,,,,,,,,,,,,,,,,,,,,,,,,,,,,,
104,87,7,2,2,3,3,3,3,3,5,-1,-1,-1,-1,-1,-1,-1,-1,-1,-1,-1,-1,-1,-1,-1,-1,-1,-1,-1,-1,-1,-1,-1,-1,-1,-1,-1,-1,-1,-1
104,88,8,2,2,3,3,8,8,7,2,2,3,2,7,7,7,2,2,2,7,7,2,2,1,1,2,2,2,2,2,-1,-1,-1,-1,-1,-1,-1,-1,-1,-1
104,165,9,2,2,8,8,8,3,2,2,-1,-1,-1,-1,-1,-1,-1,-1,-1,-1,-1,-1,-1,-1,-1,-1,-1,-1,-1,-1,-1,-1,-1,-1,-1,-1,-1,-1,-1,-1
104,166,10,2,2,3,3,4,4,-1,-1,-1,-1,-1,-1,-1,-1,-1,-1,-1,-1,-1,-1,-1,-1,-1,-1,-1,-1,-1,-1,-1,-1,-1,-1,-1,-1,-1,-1,-1,-1
104,167,11,2,2,8,8,8,-1,-1,-1,-1,-1,-1,-1,-1,-1,-1,-1,-1,-1,-1,-1,-1,-1,-1,-1,-1,-1,-1,-1,-1,-1,-1,-1,-1,-1,-1,-1,-1,-1
104,168,12,2,2,-1,,,,,,,,,,,,,,,,,,,,,,,,,,,,,,,,,,,
90,17,1,2,2,1,1,1,1,1,2,4,4,4,1,1,1,2,2,1,1,1,1,1,1,2,2,1,1,1,1,1,1,-1,-1,-1,-1,-1,-1,-1,-1
90,18,2,2,2,3,3,3,3,1,5,5,5,1,1,1,1,2,-1,-1,-1,-1,-1,-1,-1,-1,-1,-1,-1,-1,-1,-1,-1,-1,-1,-1,-1,-1,-1,-1,-1
90,19,3,2,2,3,3,7,7,7,-1,-1,-1,-1,-1,-1,-1,-1,-1,-1,-1,-1,-1,-1,-1,-1,-1,-1,-1,-1,-1,-1,-1,-1,-1,-1,-1,-1,-1,-1,-1
90,20,4,2,2,3,3,3,7,7,7,3,3,3,3,1,1,1,1,1,1,1,1,1,1,1,1,1,1,1,1,1,1,2,2,2,-1,-1,-1,-1,-1
90,97,5,2,2,2,2,2,-1,-1,-1,-1,-1,-1,-1,-1,-1,-1,-1,-1,-1,-1,-1,-1,-1,-1,-1,-1,-1,-1,-1,-1,-1,-1,-1,-1,-1,-1,-1,-1,-1
90,98,6,2,2,3,3,3,7,7,2,2,2,2,8,8,8,1,1,2,2,7,7,7,1,4,4,1,7,7,7,2,2,2,-1,-1,-1,-1,-1,-1,-1
90,99,7,2,2,3,7,7,7,2,2,2,2,2,5,5,5,-1,-1,-1,-1,-1,-1,-1,-1,-1,-1,-1,-1,-1,-1,-1,-1,-1,-1,-1,-1,-1,-1,-1,-1
90,100,8,2,2,4,4,4,7,2,2,7,7,7,7,7,7,7,-1,-1,-1,-1,-1,-1,-1,-1,-1,-1,-1,-1,-1,-1,-1,-1,-1,-1,-1,-1,-1,-1,-1
90,177,9,2,2,2,2,5,5,5,7,1,1,2,-1,-1,-1,-1,-1,-1,-1,-1,-1,-1,-1,-1,-1,-1,-1,-1,-1,-1,-1,-1,-1,-1,-1,-1,-1,-1,-1
90,178,10,2,2,7,7,2,2,7,7,-1,-1,-1,-1,-1,-1,-1,-1,-1,-1,-1,-1,-1,-1,-1,-1,-1,-1,-1,-1,-1,-1,-1,-1,-1,-1,-1,-1,-1,-1
90,179,11,2,2,3,2,2,2,6,6,4,4,3,3,3,3,3,1,1,2,7,-1,-1,-1,-1,-1,-1,-1,-1,-1,-1,-1,-1,-1,-1,-1,-1,-1,-1,-1
90,180,12,2,2,2,2,7,7,7,3,3,3,-1,-1,-1,-1,-1,-1,-1,-1,-1,-1,-1,-1,-1,-1,-1,-1,-1,-1,-1,-1,-1,-1,-1,-1,-1,-1,-1,-1
106,21,1,2,2,2,2,2,1,1,1,1,1,1,1,1,1,1,1,1,1,2,1,1,1,1,1,1,1,-1,-1,-1,-1,-1,-1,-1,-1,-1,-1,-1,-1
106,22,2,2,2,2,2,1,1,1,4,4,1,1,1,1,1,1,1,1,1,1,1,1,1,2,2,4,4,4,1,2,2,-1,-1,-1,-1,-1,-1,-1,-1
106,23,3,2,2,1,1,7,2,2,6,6,6,7,7,1,2,2,7,7,7,3,6,6,4,6,6,6,1,1,1,-1,-1,-1,-1,-1,-1,-1,-1,-1,-1
106,24,4,2,2,2,7,7,7,2,2,2,1,1,1,1,1,1,1,4,4,4,6,2,2,3,3,3,-1,-1,-1,-1,-1,-1,-1,-1,-1,-1,-1,-1,-1
106,101,5,2,2,1,1,1,1,1,1,1,1,1,1,1,1,1,1,1,1,1,1,1,1,1,-1,-1,-1,-1,-1,-1,-1,-1,-1,-1,-1,-1,-1,-1,-1
106,102,6,2,2,7,7,5,5,2,2,7,8,8,2,2,2,2,1,1,1,4,4,1,4,4,2,-1,-1,-1,-1,-1,-1,-1,-1,-1,-1,-1,-1,-1,-1
106,103,7,2,2,2,7,7,8,7,7,2,2,2,2,2,2,2,1,1,1,-1,-1,-1,-1,-1,-1,-1,-1,-1,-1,-1,-1,-1,-1,-1,-1,-1,-1,-1,-1
106,104,8,2,2,6,6,6,6,6,-1,-1,-1,-1,-1,-1,-1,-1,-1,-1,-1,-1,-1,-1,-1,-1,-1,-1,-1,-1,-1,-1,-1,-1,-1,-1,-1,-1,-1,-1,-1
106,181,9,2,2,1,1,1,1,1,1,1,1,1,1,1,1,1,1,2,2,2,2,7,7,7,4,6,4,6,-1,-1,-1,-1,-1,-1,-1,-1,-1,-1,-1
106,182,10,2,2,2,2,7,7,7,2,6,6,-1,-1,-1,-1,-1,-1,-1,-1,-1,-1,-1,-1,-1,-1,-1,-1,-1,-1,-1,-1,-1,-1,-1,-1,-1,-1,-1,-1
106,183,11,2,2,8,8,8,-1,-1,-1,-1,-1,-1,-1,-1,-1,-1,-1,-1,-1,-1,-1,-1,-1,-1,-1,-1,-1,-1,-1,-1,-1,-1,-1,-1,-1,-1,-1,-1,-1
106,184,12,2,2,6,6,8,8,8,-1,-1,-1,-1,-1,-1,-1,-1,-1,-1,-1,-1,-1,-1,-1,-1,-1,-1,-1,-1,-1,-1,-1,-1,-1,-1,-1,-1,-1,-1,-1
108,33,1,2,2,2,2,2,1,1,1,1,1,1,1,1,1,1,1,1,1,1,1,1,1,1,1,1,1,1,1,1,1,1,1,-1,-1,-1,-1,-1,-1
108,34,2,2,2,3,2,2,2,-1,-1,-1,-1,-1,-1,-1,-1,-1,-1,-1,-1,-1,-1,-1,-1,-1,-1,-1,-1,-1,-1,-1,-1,-1,-1,-1,-1,-1,-1,-1,-1
108,35,3,2,2,4,4,6,7,7,6,6,6,3,6,6,1,1,8,8,6,6,6,7,7,1,1,2,-1,-1,-1,-1,-1,-1,-1,-1,-1,-1,-1,-1,-1
108,36,4,2,2,7,7,8,-1,-1,-1,-1,-1,-1,-1,-1,-1,-1,-1,-1,-1,-1,-1,-1,-1,-1,-1,-1,-1,-1,-1,-1,-1,-1,-1,-1,-1,-1,-1,-1,-1
108,113,5,2,2,3,3,1,1,1,1,1,1,1,1,3,3,3,1,1,1,1,4,4,1,7,7,7,2,2,7,7,-1,-1,-1,-1,-1,-1,-1,-1,-1
108,114,6,2,2,1,1,1,2,2,3,3,3,2,1,2,2,2,6,2,2,7,7,4,4,7,7,2,2,7,7,7,-1,-1,-1,-1,-1,-1,-1,-1,-1
108,115,7,2,2,2,1,1,2,2,2,2,2,4,4,2,2,2,2,1,1,1,1,1,2,2,2,-1,-1,-1,-1,-1,-1,-1,-1,-1,-1,-1,-1,-1,-1
108,116,8,2,2,2,2,2,-1,-1,-1,-1,-1,-1,-1,-1,-1,-1,-1,-1,-1,-1,-1,-1,-1,-1,-1,-1,-1,-1,-1,-1,-1,-1,-1,-1,-1,-1,-1,-1,-1
108,193,9,2,2,2,2,2,2,2,4,4,7,7,7,1,1,1,1,2,6,6,6,7,7,7,7,1,1,1,2,1,-1,-1,-1,-1,-1,-1,-1,-1,-1
108,194,10,2,2,2,2,2,7,4,4,-1,-1,-1,-1,-1,-1,-1,-1,-1,-1,-1,-1,-1,-1,-1,-1,-1,-1,-1,-1,-1,-1,-1,-1,-1,-1,-1,-1,-1,-1
108,195,11,2,2,-1,,,,,,,,,,,,,,,,,,,,,,,,,,,,,,,,,,,
108,196,12,2,2,5,5,8,-1,-1,-1,-1,-1,-1,-1,-1,-1,-1,-1,-1,-1,-1,-1,-1,-1,-1,-1,-1,-1,-1,-1,-1,-1,-1,-1,-1,-1,-1,-1,-1,-1
118,37,1,2,2,3,6,6,1,1,1,1,1,7,1,1,1,1,1,1,1,1,1,1,1,4,4,4,2,2,2,1,1,1,1,1,-1,-1,-1,-1,-1
118,38,2,2,2,4,6,6,6,6,2,7,7,3,3,8,8,8,2,1,1,1,-1,-1,-1,-1,-1,-1,-1,-1,-1,-1,-1,-1,-1,-1,-1,-1,-1,-1,-1
118,39,3,2,2,7,7,7,7,2,2,7,7,2,6,6,3,3,7,3,3,6,6,6,5,8,8,8,-1,-1,-1,-1,-1,-1,-1,-1,-1,-1,-1,-1,-1
118,40,4,2,2,2,2,2,2,2,2,1,2,3,3,3,3,2,-1,-1,-1,-1,-1,-1,-1,-1,-1,-1,-1,-1,-1,-1,-1,-1,-1,-1,-1,-1,-1,-1,-1
118,117,5,2,2,2,1,1,1,1,1,1,1,4,4,7,7,8,8,8,1,1,4,4,1,1,1,1,-1,-1,-1,-1,-1,-1,-1,-1,-1,-1,-1,-1,-1
118,118,6,2,2,5,2,8,-1,-1,-1,-1,-1,-1,-1,-1,-1,-1,-1,-1,-1,-1,-1,-1,-1,-1,-1,-1,-1,-1,-1,-1,-1,-1,-1,-1,-1,-1,-1,-1,-1
118,119,7,2,2,7,7,2,2,2,2,7,-1,-1,-1,-1,-1,-1,-1,-1,-1,-1,-1,-1,-1,-1,-1,-1,-1,-1,-1,-1,-1,-1,-1,-1,-1,-1,-1,-1,-1
118,120,8,2,2,3,3,3,5,5,5,4,4,4,6,3,3,-1,-1,-1,-1,-1,-1,-1,-1,-1,-1,-1,-1,-1,-1,-1,-1,-1,-1,-1,-1,-1,-1,-1,-1
118,197,9,2,2,5,5,5,6,6,7,-1,-1,-1,-1,-1,-1,-1,-1,-1,-1,-1,-1,-1,-1,-1,-1,-1,-1,-1,-1,-1,-1,-1,-1,-1,-1,-1,-1,-1,-1
118,198,10,2,2,-1,,,,,,,,,,,,,,,,,,,,,,,,,,,,,,,,,,,
118,199,11,2,2,-1,,,,,,,,,,,,,,,,,,,,,,,,,,,,,,,,,,,
118,200,12,2,2,-1,,,,,,,,,,,,,,,,,,,,,,,,,,,,,,,,,,,
98,49,1,2,2,6,6,6,7,7,7,1,1,1,1,1,1,1,1,1,1,1,1,1,1,1,1,1,2,2,2,1,1,-1,-1,-1,-1,-1,-1,-1,-1
98,50,2,2,2,7,7,3,3,7,3,3,3,3,2,7,7,7,2,2,-1,-1,-1,-1,-1,-1,-1,-1,-1,-1,-1,-1,-1,-1,-1,-1,-1,-1,-1,-1,-1
98,51,3,2,2,-1,,,,,,,,,,,,,,,,,,,,,,,,,,,,,,,,,,,
98,52,4,2,2,7,7,7,7,-1,-1,-1,-1,-1,-1,-1,-1,-1,-1,-1,-1,-1,-1,-1,-1,-1,-1,-1,-1,-1,-1,-1,-1,-1,-1,-1,-1,-1,-1,-1,-1
98,129,5,2,2,-1,,,,,,,,,,,,,,,,,,,,,,,,,,,,,,,,,,,
98,130,6,2,2,-1,,,,,,,,,,,,,,,,,,,,,,,,,,,,,,,,,,,
98,131,7,2,2,-1,,,,,,,,,,,,,,,,,,,,,,,,,,,,,,,,,,,
98,132,8,2,2,7,7,-1,-1,-1,-1,-1,-1,-1,-1,-1,-1,-1,-1,-1,-1,-1,-1,-1,-1,-1,-1,-1,-1,-1,-1,-1,-1,-1,-1,-1,-1,-1,-1,-1,-1
98,209,9,2,2,7,7,7,7,8,8,8,8,8,6,6,6,2,2,2,-1,-1,-1,-1,-1,-1,-1,-1,-1,-1,-1,-1,-1,-1,-1,-1,-1,-1,-1,-1,-1
98,210,10,2,2,-1,,,,,,,,,,,,,,,,,,,,,,,,,,,,,,,,,,,
98,211,11,2,2,-1,,,,,,,,,,,,,,,,,,,,,,,,,,,,,,,,,,,
98,212,12,2,2,8,8,8,5,5,5,5,-1,-1,-1,-1,-1,-1,-1,-1,-1,-1,-1,-1,-1,-1,-1,-1,-1,-1,-1,-1,-1,-1,-1,-1,-1,-1,-1,-1,-1
113,53,1,2,2,7,7,7,1,1,1,1,-1,-1,-1,-1,-1,-1,-1,-1,-1,-1,-1,-1,-1,-1,-1,-1,-1,-1,-1,-1,-1,-1,-1,-1,-1,-1,-1,-1,-1
113,54,2,2,2,6,6,6,7,7,2,2,2,1,1,1,1,2,1,1,2,3,2,2,2,2,2,2,2,2,-1,-1,-1,-1,-1,-1,-1,-1,-1,-1,-1
113,55,3,2,2,3,3,7,7,2,2,1,1,2,7,7,2,3,3,3,3,7,7,3,3,3,2,1,1,1,1,2,-1,-1,-1,-1,-1,-1,-1,-1,-1
113,56,4,2,2,2,2,2,1,7,8,4,3,6,7,7,4,4,2,2,2,1,7,7,8,-1,-1,-1,-1,-1,-1,-1,-1,-1,-1,-1,-1,-1,-1,-1,-1
113,133,5,2,2,8,8,1,4,4,4,3,2,2,1,1,1,1,1,1,1,2,2,4,4,1,1,7,-1,-1,-1,-1,-1,-1,-1,-1,-1,-1,-1,-1,-1
113,134,6,2,2,-1,,,,,,,,,,,,,,,,,,,,,,,,,,,,,,,,,,,
113,135,7,2,2,2,2,3,-1,-1,-1,-1,-1,-1,-1,-1,-1,-1,-1,-1,-1,-1,-1,-1,-1,-1,-1,-1,-1,-1,-1,-1,-1,-1,-1,-1,-1,-1,-1,-1,-1
113,136,8,2,2,7,7,-1,-1,-1,-1,-1,-1,-1,-1,-1,-1,-1,-1,-1,-1,-1,-1,-1,-1,-1,-1,-1,-1,-1,-1,-1,-1,-1,-1,-1,-1,-1,-1,-1,-1
113,213,9,2,2,-1,,,,,,,,,,,,,,,,,,,,,,,,,,,,,,,,,,,
113,214,10,2,2,-1,,,,,,,,,,,,,,,,,,,,,,,,,,,,,,,,,,,
113,215,11,2,2,-1,,,,,,,,,,,,,,,,,,,,,,,,,,,,,,,,,,,
113,216,12,2,2,-1,,,,,,,,,,,,,,,,,,,,,,,,,,,,,,,,,,,
100,65,1,2,2,2,1,1,1,1,2,2,2,1,1,1,2,2,1,2,2,2,1,1,7,1,1,1,1,1,-1,-1,-1,-1,-1,-1,-1,-1,-1,-1,-1
100,66,2,2,2,3,7,7,7,3,6,6,3,3,3,2,7,7,1,1,1,-1,-1,-1,-1,-1,-1,-1,-1,-1,-1,-1,-1,-1,-1,-1,-1,-1,-1,-1,-1
100,67,3,2,2,5,5,5,2,7,7,2,2,2,7,7,1,1,1,7,7,7,2,2,2,2,1,2,2,2,1,1,-1,-1,-1,-1,-1,-1,-1,-1,-1
100,68,4,2,2,3,7,7,7,3,2,-1,-1,-1,-1,-1,-1,-1,-1,-1,-1,-1,-1,-1,-1,-1,-1,-1,-1,-1,-1,-1,-1,-1,-1,-1,-1,-1,-1,-1,-1
100,145,5,2,2,3,3,-1,-1,-1,-1,-1,-1,-1,-1,-1,-1,-1,-1,-1,-1,-1,-1,-1,-1,-1,-1,-1,-1,-1,-1,-1,-1,-1,-1,-1,-1,-1,-1,-1,-1
100,146,6,2,2,3,3,3,7,3,3,7,7,5,5,5,7,7,2,2,7,7,-1,-1,-1,-1,-1,-1,-1,-1,-1,-1,-1,-1,-1,-1,-1,-1,-1,-1,-1
100,147,7,2,2,8,8,8,3,3,-1,-1,-1,-1,-1,-1,-1,-1,-1,-1,-1,-1,-1,-1,-1,-1,-1,-1,-1,-1,-1,-1,-1,-1,-1,-1,-1,-1,-1,-1,-1
100,148,8,2,2,6,6,3,3,8,-1,-1,-1,-1,-1,-1,-1,-1,-1,-1,-1,-1,-1,-1,-1,-1,-1,-1,-1,-1,-1,-1,-1,-1,-1,-1,-1,-1,-1,-1,-1
100,225,9,2,2,2,2,-1,-1,-1,-1,-1,-1,-1,-1,-1,-1,-1,-1,-1,-1,-1,-1,-1,-1,-1,-1,-1,-1,-1,-1,-1,-1,-1,-1,-1,-1,-1,-1,-1,-1
100,226,10,2,2,-1,,,,,,,,,,,,,,,,,,,,,,,,,,,,,,,,,,,
100,227,11,2,2,-1,,,,,,,,,,,,,,,,,,,,,,,,,,,,,,,,,,,
100,228,12,2,2,-1,,,,,,,,,,,,,,,,,,,,,,,,,,,,,,,,,,,
44,241,1,2,2,1,1,1,1,1,2,7,7,2,1,1,1,1,1,1,1,1,1,1,2,2,1,1,1,1,1,1,1,1,1,1,2,2,2,1,-1
44,242,2,2,2,3,3,3,6,3,3,7,2,2,7,7,7,3,3,5,5,5,2,1,2,7,2,2,7,7,7,2,2,1,1,1,-1,-1,-1,-1,-1
44,243,3,2,2,7,7,3,3,-1,-1,-1,-1,-1,-1,-1,-1,-1,-1,-1,-1,-1,-1,-1,-1,-1,-1,-1,-1,-1,-1,-1,-1,-1,-1,-1,-1,-1,-1,-1,-1
44,244,4,2,2,3,3,2,7,7,7,2,2,2,-1,-1,-1,-1,-1,-1,-1,-1,-1,-1,-1,-1,-1,-1,-1,-1,-1,-1,-1,-1,-1,-1,-1,-1,-1,-1,-1
44,309,5,2,2,4,4,4,7,5,5,5,5,7,7,2,2,2,2,2,2,7,7,7,7,7,1,1,7,7,7,2,2,2,7,7,2,2,2,-1,-1
44,310,6,2,2,6,6,6,5,5,-1,-1,-1,-1,-1,-1,-1,-1,-1,-1,-1,-1,-1,-1,-1,-1,-1,-1,-1,-1,-1,-1,-1,-1,-1,-1,-1,-1,-1,-1,-1
44,311,7,2,2,6,6,5,-1,-1,-1,-1,-1,-1,-1,-1,-1,-1,-1,-1,-1,-1,-1,-1,-1,-1,-1,-1,-1,-1,-1,-1,-1,-1,-1,-1,-1,-1,-1,-1,-1
44,312,8,2,2,6,3,3,3,3,3,3,8,8,5,5,3,7,7,5,5,5,2,2,7,7,2,2,-1,-1,-1,-1,-1,-1,-1,-1,-1,-1,-1,-1,-1
44,377,9,2,2,5,5,5,5,5,5,5,1,7,7,7,2,2,2,-1,-1,-1,-1,-1,-1,-1,-1,-1,-1,-1,-1,-1,-1,-1,-1,-1,-1,-1,-1,-1,-1
44,378,10,2,2,-1,,,,,,,,,,,,,,,,,,,,,,,,,,,,,,,,,,,
44,379,11,2,2,5,5,5,5,8,8,8,7,7,7,-1,-1,-1,-1,-1,-1,-1,-1,-1,-1,-1,-1,-1,-1,-1,-1,-1,-1,-1,-1,-1,-1,-1,-1,-1,-1
44,380,12,2,2,-1,,,,,,,,,,,,,,,,,,,,,,,,,,,,,,,,,,,
53,245,1,2,2,1,1,1,1,2,2,-1,-1,-1,-1,-1,-1,-1,-1,-1,-1,-1,-1,-1,-1,-1,-1,-1,-1,-1,-1,-1,-1,-1,-1,-1,-1,-1,-1,-1,-1
53,246,2,2,2,2,7,3,3,6,6,4,4,4,2,2,2,4,4,4,7,7,1,1,2,7,-1,-1,-1,-1,-1,-1,-1,-1,-1,-1,-1,-1,-1,-1,-1
53,247,3,2,2,3,3,3,3,7,7,2,2,2,2,2,4,4,1,7,4,4,4,7,7,-1,-1,-1,-1,-1,-1,-1,-1,-1,-1,-1,-1,-1,-1,-1,-1
53,248,4,2,2,6,6,6,6,2,2,2,2,4,4,1,1,4,4,4,4,-1,-1,-1,-1,-1,-1,-1,-1,-1,-1,-1,-1,-1,-1,-1,-1,-1,-1,-1,-1
53,313,5,2,2,2,5,5,5,4,6,3,3,2,2,2,2,2,2,3,3,7,7,3,3,3,3,3,7,2,2,3,-1,-1,-1,-1,-1,-1,-1,-1,-1
53,314,6,2,2,2,2,2,5,5,-1,-1,-1,-1,-1,-1,-1,-1,-1,-1,-1,-1,-1,-1,-1,-1,-1,-1,-1,-1,-1,-1,-1,-1,-1,-1,-1,-1,-1,-1,-1
53,315,7,2,2,2,7,5,5,5,4,4,4,3,3,3,3,2,2,-1,-1,-1,-1,-1,-1,-1,-1,-1,-1,-1,-1,-1,-1,-1,-1,-1,-1,-1,-1,-1,-1
53,316,8,2,2,3,3,3,3,8,8,8,6,6,6,4,2,2,2,5,5,5,6,6,6,7,7,-1,-1,-1,-1,-1,-1,-1,-1,-1,-1,-1,-1,-1,-1
53,381,9,2,2,6,3,3,3,2,2,6,6,6,7,7,3,2,-1,-1,-1,-1,-1,-1,-1,-1,-1,-1,-1,-1,-1,-1,-1,-1,-1,-1,-1,-1,-1,-1,-1
53,382,10,2,2,3,3,6,6,6,6,7,7,2,3,3,3,2,7,7,7,1,1,7,7,4,4,7,7,-1,-1,-1,-1,-1,-1,-1,-1,-1,-1,-1,-1
53,383,11,2,2,6,6,7,3,3,3,2,2,2,2,2,2,2,2,1,2,3,3,3,2,2,2,7,7,-1,-1,-1,-1,-1,-1,-1,-1,-1,-1,-1,-1
53,384,12,2,2,7,7,7,5,5,5,7,3,3,3,3,2,1,1,2,4,4,7,7,2,2,2,-1,-1,-1,-1,-1,-1,-1,-1,-1,-1,-1,-1,-1,-1
50,257,1,2,2,7,7,7,1,1,1,1,4,4,4,1,1,1,1,1,1,1,1,2,2,2,2,2,1,1,1,2,2,2,1,1,1,-1,-1,-1,-1
50,258,2,2,2,1,4,4,4,1,1,1,-1,-1,-1,-1,-1,-1,-1,-1,-1,-1,-1,-1,-1,-1,-1,-1,-1,-1,-1,-1,-1,-1,-1,-1,-1,-1,-1,-1,-1
50,259,3,2,2,2,1,1,1,1,2,1,1,1,6,6,6,4,4,4,4,-1,-1,-1,-1,-1,-1,-1,-1,-1,-1,-1,-1,-1,-1,-1,-1,-1,-1,-1,-1
50,260,4,2,2,1,1,1,1,1,1,4,4,4,7,7,4,4,7,2,2,2,2,2,1,1,2,2,1,1,2,-1,-1,-1,-1,-1,-1,-1,-1,-1,-1
50,325,5,2,2,1,1,1,2,3,3,3,4,4,6,2,-1,-1,-1,-1,-1,-1,-1,-1,-1,-1,-1,-1,-1,-1,-1,-1,-1,-1,-1,-1,-1,-1,-1,-1,-1
50,326,6,2,2,1,1,1,1,5,5,5,5,2,2,7,7,1,1,1,1,1,1,1,1,1,1,1,1,1,1,1,7,7,1,1,1,2,-1,-1,-1
50,327,7,2,2,2,5,5,5,5,5,5,5,5,5,7,7,2,2,2,1,1,1,1,1,7,7,7,1,1,1,7,7,1,1,2,7,7,2,1,-1
50,328,8,2,2,6,6,7,7,3,3,5,3,3,7,7,7,7,2,2,2,2,-1,-1,-1,-1,-1,-1,-1,-1,-1,-1,-1,-1,-1,-1,-1,-1,-1,-1,-1
50,393,9,2,2,6,5,5,5,5,5,5,7,2,2,2,2,2,2,8,8,8,2,2,7,7,2,2,2,1,1,2,2,7,7,7,7,7,3,3,3
50,394,10,2,2,-1,,,,,,,,,,,,,,,,,,,,,,,,,,,,,,,,,,,
50,395,11,2,2,6,6,3,7,7,5,5,5,-1,-1,-1,-1,-1,-1,-1,-1,-1,-1,-1,-1,-1,-1,-1,-1,-1,-1,-1,-1,-1,-1,-1,-1,-1,-1,-1,-1
50,396,12,2,2,6,6,6,8,8,8,8,8,7,7,7,7,3,3,7,7,7,2,2,-1,-1,-1,-1,-1,-1,-1,-1,-1,-1,-1,-1,-1,-1,-1,-1,-1
58,261,1,2,2,2,2,1,1,1,2,-1,-1,-1,-1,-1,-1,-1,-1,-1,-1,-1,-1,-1,-1,-1,-1,-1,-1,-1,-1,-1,-1,-1,-1,-1,-1,-1,-1,-1,-1
58,262,2,2,2,2,2,7,7,7,-1,-1,-1,-1,-1,-1,-1,-1,-1,-1,-1,-1,-1,-1,-1,-1,-1,-1,-1,-1,-1,-1,-1,-1,-1,-1,-1,-1,-1,-1,-1
58,263,3,2,2,7,7,7,5,5,6,6,7,8,7,1,1,7,7,6,4,4,4,1,1,1,7,7,7,-1,-1,-1,-1,-1,-1,-1,-1,-1,-1,-1,-1
58,264,4,2,2,1,1,2,-1,-1,-1,-1,-1,-1,-1,-1,-1,-1,-1,-1,-1,-1,-1,-1,-1,-1,-1,-1,-1,-1,-1,-1,-1,-1,-1,-1,-1,-1,-1,-1,-1
58,329,5,2,2,4,4,1,1,2,2,7,7,7,1,1,1,1,1,7,7,6,6,2,2,7,1,1,1,7,7,7,-1,-1,-1,-1,-1,-1,-1,-1,-1
58,330,6,2,2,6,6,6,2,1,4,4,8,8,8,8,3,3,4,4,3,7,1,1,1,2,2,2,-1,-1,-1,-1,-1,-1,-1,-1,-1,-1,-1,-1,-1
58,331,7,2,2,-1,,,,,,,,,,,,,,,,,,,,,,,,,,,,,,,,,,,
58,332,8,2,2,7,7,7,2,2,2,2,2,1,4,4,4,8,8,8,4,4,4,4,2,2,2,-1,-1,-1,-1,-1,-1,-1,-1,-1,-1,-1,-1,-1,-1
58,397,9,2,2,2,8,8,8,8,1,1,1,1,1,1,7,7,7,1,1,1,1,1,1,1,1,1,4,4,7,7,-1,-1,-1,-1,-1,-1,-1,-1,-1
58,398,10,2,2,4,3,3,6,6,4,4,6,4,4,4,2,2,2,1,1,6,6,6,6,-1,-1,-1,-1,-1,-1,-1,-1,-1,-1,-1,-1,-1,-1,-1,-1
58,399,11,2,2,-1,,,,,,,,,,,,,,,,,,,,,,,,,,,,,,,,,,,
58,400,12,2,2,-1,,,,,,,,,,,,,,,,,,,,,,,,,,,,,,,,,,,
60,273,1,2,2,1,1,1,1,2,2,1,1,1,1,2,2,7,7,1,1,1,4,4,4,1,1,1,1,1,1,1,1,1,-1,-1,-1,-1,-1,-1,-1
60,274,2,2,2,-1,,,,,,,,,,,,,,,,,,,,,,,,,,,,,,,,,,,
60,275,3,2,2,2,2,7,7,2,2,3,7,8,1,1,1,1,7,7,7,1,1,1,1,2,2,3,3,-1,-1,-1,-1,-1,-1,-1,-1,-1,-1,-1,-1
60,276,4,2,2,1,1,1,1,1,1,1,1,1,1,1,1,2,2,2,7,7,2,2,2,7,7,7,6,6,6,6,-1,-1,-1,-1,-1,-1,-1,-1,-1
60,341,5,2,2,7,7,7,1,1,1,1,1,1,1,1,1,1,1,2,2,2,7,7,7,1,1,1,7,7,1,1,1,1,1,1,1,1,-1,-1,-1
60,342,6,2,2,2,2,1,1,1,1,1,1,1,1,1,1,1,1,2,2,2,3,7,3,3,3,2,2,4,4,2,2,2,-1,-1,-1,-1,-1,-1,-1
60,343,7,2,2,2,2,7,7,2,5,5,7,2,2,2,1,4,4,7,7,7,3,-1,-1,-1,-1,-1,-1,-1,-1,-1,-1,-1,-1,-1,-1,-1,-1,-1,-1
60,344,8,2,2,7,7,6,4,6,7,7,2,2,2,1,1,2,-1,-1,-1,-1,-1,-1,-1,-1,-1,-1,-1,-1,-1,-1,-1,-1,-1,-1,-1,-1,-1,-1,-1
60,409,9,2,2,2,2,1,1,1,1,7,7,7,2,1,1,1,1,2,2,4,4,4,2,4,4,6,-1,-1,-1,-1,-1,-1,-1,-1,-1,-1,-1,-1,-1
60,410,10,2,2,7,7,-1,-1,-1,-1,-1,-1,-1,-1,-1,-1,-1,-1,-1,-1,-1,-1,-1,-1,-1,-1,-1,-1,-1,-1,-1,-1,-1,-1,-1,-1,-1,-1,-1,-1
60,411,11,2,2,-1,,,,,,,,,,,,,,,,,,,,,,,,,,,,,,,,,,,
60,412,12,2,2,-1,,,,,,,,,,,,,,,,,,,,,,,,,,,,,,,,,,,
83,277,1,2,2,4,4,2,2,6,6,2,2,1,1,2,2,2,1,7,7,1,1,-1,-1,-1,-1,-1,-1,-1,-1,-1,-1,-1,-1,-1,-1,-1,-1,-1,-1
83,278,2,2,2,2,2,2,2,2,-1,-1,-1,-1,-1,-1,-1,-1,-1,-1,-1,-1,-1,-1,-1,-1,-1,-1,-1,-1,-1,-1,-1,-1,-1,-1,-1,-1,-1,-1,-1
83,279,3,2,2,-1,,,,,,,,,,,,,,,,,,,,,,,,,,,,,,,,,,,
83,280,4,2,2,3,3,3,3,3,5,5,5,5,5,7,2,2,2,4,4,4,1,1,1,4,4,1,1,-1,-1,-1,-1,-1,-1,-1,-1,-1,-1,-1,-1
83,345,5,2,2,2,2,2,2,1,1,1,7,5,5,5,7,7,2,2,1,1,1,2,2,1,1,1,1,2,1,1,7,7,7,2,2,-1,-1,-1,-1
83,346,6,2,2,6,6,6,2,2,7,2,2,3,3,2,2,1,1,1,1,1,1,1,1,1,1,1,2,2,7,7,2,2,-1,-1,-1,-1,-1,-1,-1
83,347,7,2,2,5,5,5,2,2,2,1,2,2,2,7,7,7,1,1,1,2,2,1,4,1,1,1,1,1,1,1,-1,-1,-1,-1,-1,-1,-1,-1,-1
83,348,8,2,2,2,2,5,-1,-1,-1,-1,-1,-1,-1,-1,-1,-1,-1,-1,-1,-1,-1,-1,-1,-1,-1,-1,-1,-1,-1,-1,-1,-1,-1,-1,-1,-1,-1,-1,-1
83,413,9,2,2,-1,,,,,,,,,,,,,,,,,,,,,,,,,,,,,,,,,,,
83,414,10,2,2,5,5,5,7,3,3,-1,-1,-1,-1,-1,-1,-1,-1,-1,-1,-1,-1,-1,-1,-1,-1,-1,-1,-1,-1,-1,-1,-1,-1,-1,-1,-1,-1,-1,-1
83,415,11,2,2,8,8,8,5,5,5,7,2,2,2,7,7,7,7,1,1,2,7,1,1,2,2,2,7,2,3,3,-1,-1,-1,-1,-1,-1,-1,-1,-1
83,416,12,2,2,-1,,,,,,,,,,,,,,,,,,,,,,,,,,,,,,,,,,,
67,289,1,2,2,1,1,4,4,4,1,1,1,1,1,1,1,1,1,1,4,4,4,1,2,2,2,1,1,1,1,1,1,1,1,-1,-1,-1,-1,-1,-1
67,290,2,2,2,6,6,7,3,3,2,8,8,7,1,1,1,1,1,1,1,7,7,7,7,7,7,1,1,7,-1,-1,-1,-1,-1,-1,-1,-1,-1,-1,-1
67,291,3,2,2,8,8,8,8,8,6,6,7,2,2,2,3,3,-1,-1,-1,-1,-1,-1,-1,-1,-1,-1,-1,-1,-1,-1,-1,-1,-1,-1,-1,-1,-1,-1,-1
67,292,4,2,2,6,6,6,2,1,1,1,1,4,4,1,1,1,2,2,4,4,4,4,1,1,1,-1,-1,-1,-1,-1,-1,-1,-1,-1,-1,-1,-1,-1,-1
67,357,5,2,2,7,7,4,4,4,1,7,7,1,1,1,1,1,1,2,2,-1,-1,-1,-1,-1,-1,-1,-1,-1,-1,-1,-1,-1,-1,-1,-1,-1,-1,-1,-1
67,358,6,2,2,7,7,7,2,6,2,2,1,1,1,8,8,8,8,5,5,5,7,2,2,2,1,1,4,1,1,1,-1,-1,-1,-1,-1,-1,-1,-1,-1
67,359,7,2,2,8,8,6,6,6,4,4,4,7,7,1,1,1,1,1,1,1,1,1,1,1,8,8,8,-1,-1,-1,-1,-1,-1,-1,-1,-1,-1,-1,-1
67,360,8,2,2,6,6,6,6,4,4,1,1,1,1,1,1,7,7,6,6,6,7,7,-1,-1,-1,-1,-1,-1,-1,-1,-1,-1,-1,-1,-1,-1,-1,-1,-1
67,425,9,2,2,-1,,,,,,,,,,,,,,,,,,,,,,,,,,,,,,,,,,,
67,426,10,2,2,8,8,7,3,3,3,1,1,1,1,1,1,1,2,3,3,4,3,3,-1,-1,-1,-1,-1,-1,-1,-1,-1,-1,-1,-1,-1,-1,-1,-1,-1
67,427,11,2,2,-1,,,,,,,,,,,,,,,,,,,,,,,,,,,,,,,,,,,
67,428,12,2,2,3,3,-1,-1,-1,-1,-1,-1,-1,-1,-1,-1,-1,-1,-1,-1,-1,-1,-1,-1,-1,-1,-1,-1,-1,-1,-1,-1,-1,-1,-1,-1,-1,-1,-1,-1
76,293,1,2,2,4,4,4,4,1,1,1,1,1,1,1,1,1,1,1,1,1,2,2,2,2,2,2,2,1,1,1,1,-1,-1,-1,-1,-1,-1,-1,-1
76,294,2,2,2,1,1,1,1,1,1,1,1,1,2,2,1,2,2,2,7,7,7,2,3,3,7,7,7,7,-1,-1,-1,-1,-1,-1,-1,-1,-1,-1,-1
76,295,3,2,2,7,7,7,1,1,2,2,1,1,1,2,2,1,1,2,2,2,-1,-1,-1,-1,-1,-1,-1,-1,-1,-1,-1,-1,-1,-1,-1,-1,-1,-1,-1
76,296,4,2,2,3,3,2,7,7,2,1,1,7,7,2,1,1,1,2,2,6,6,3,-1,-1,-1,-1,-1,-1,-1,-1,-1,-1,-1,-1,-1,-1,-1,-1,-1
76,361,5,2,2,6,6,1,1,1,1,1,4,4,4,5,5,5,7,3,3,2,2,7,7,5,5,5,-1,-1,-1,-1,-1,-1,-1,-1,-1,-1,-1,-1,-1
76,362,6,2,2,3,3,8,8,8,8,8,8,8,-1,-1,-1,-1,-1,-1,-1,-1,-1,-1,-1,-1,-1,-1,-1,-1,-1,-1,-1,-1,-1,-1,-1,-1,-1,-1,-1
76,363,7,2,2,-1,,,,,,,,,,,,,,,,,,,,,,,,,,,,,,,,,,,
76,364,8,2,2,3,3,3,3,8,8,8,8,8,8,8,8,-1,-1,-1,-1,-1,-1,-1,-1,-1,-1,-1,-1,-1,-1,-1,-1,-1,-1,-1,-1,-1,-1,-1,-1
76,429,9,2,2,3,7,7,5,5,7,-1,-1,-1,-1,-1,-1,-1,-1,-1,-1,-1,-1,-1,-1,-1,-1,-1,-1,-1,-1,-1,-1,-1,-1,-1,-1,-1,-1,-1,-1
76,430,10,2,2,7,7,5,5,8,8,8,8,8,-1,-1,-1,-1,-1,-1,-1,-1,-1,-1,-1,-1,-1,-1,-1,-1,-1,-1,-1,-1,-1,-1,-1,-1,-1,-1,-1
76,431,11,2,2,-1,,,,,,,,,,,,,,,,,,,,,,,,,,,,,,,,,,,
76,432,12,2,2,4,4,5,8,8,8,8,7,-1,-1,-1,-1,-1,-1,-1,-1,-1,-1,-1,-1,-1,-1,-1,-1,-1,-1,-1,-1,-1,-1,-1,-1,-1,-1,-1,-1
71,301,1,2,2,1,1,3,3,3,7,4,4,4,4,4,1,4,7,7,7,2,2,7,7,7,2,2,-1,-1,-1,-1,-1,-1,-1,-1,-1,-1,-1,-1,-1
71,302,2,2,2,3,3,3,2,2,2,6,6,6,7,7,7,2,2,2,1,1,4,6,7,7,7,-1,-1,-1,-1,-1,-1,-1,-1,-1,-1,-1,-1,-1,-1
71,303,3,2,2,6,6,6,8,8,8,-1,-1,-1,-1,-1,-1,-1,-1,-1,-1,-1,-1,-1,-1,-1,-1,-1,-1,-1,-1,-1,-1,-1,-1,-1,-1,-1,-1,-1,-1
71,304,4,2,2,8,8,8,3,3,-1,-1,-1,-1,-1,-1,-1,-1,-1,-1,-1,-1,-1,-1,-1,-1,-1,-1,-1,-1,-1,-1,-1,-1,-1,-1,-1,-1,-1,-1,-1
71,369,5,2,2,6,6,7,5,5,5,6,4,4,2,2,2,2,7,6,6,6,2,1,1,1,1,1,1,1,1,7,7,6,6,6,-1,-1,-1,-1,-1
71,370,6,2,2,2,2,2,2,2,1,1,2,2,2,1,1,1,2,2,4,4,4,4,2,2,3,-1,-1,-1,-1,-1,-1,-1,-1,-1,-1,-1,-1,-1,-1
71,371,7,2,2,6,6,6,6,4,4,3,2,2,2,2,1,1,4,4,4,1,1,2,1,-1,-1,-1,-1,-1,-1,-1,-1,-1,-1,-1,-1,-1,-1,-1,-1
71,372,8,2,2,4,4,2,7,7,7,2,2,3,6,6,7,7,7,1,1,1,7,7,-1,-1,-1,-1,-1,-1,-1,-1,-1,-1,-1,-1,-1,-1,-1,-1,-1
71,437,9,2,2,6,6,3,2,2,2,2,2,1,1,1,1,1,2,2,2,1,1,2,2,4,4,4,1,1,1,1,-1,-1,-1,-1,-1,-1,-1,-1,-1
71,438,10,2,2,6,5,5,5,3,2,2,2,2,1,1,1,2,2,1,4,4,-1,-1,-1,-1,-1,-1,-1,-1,-1,-1,-1,-1,-1,-1,-1,-1,-1,-1,-1
71,439,11,2,2,7,3,3,3,8,8,8,-1,-1,-1,-1,-1,-1,-1,-1,-1,-1,-1,-1,-1,-1,-1,-1,-1,-1,-1,-1,-1,-1,-1,-1,-1,-1,-1,-1,-1
71,440,12,2,2,7,8,8,8,8,-1,-1,-1,-1,-1,-1,-1,-1,-1,-1,-1,-1,-1,-1,-1,-1,-1,-1,-1,-1,-1,-1,-1,-1,-1,-1,-1,-1,-1,-1,-1
52,453,1,2,2,2,2,1,1,1,1,2,2,2,2,2,2,4,4,4,1,1,1,1,1,1,7,7,7,-1,-1,-1,-1,-1,-1,-1,-1,-1,-1,-1,-1
52,454,2,2,2,3,3,3,5,5,-1,-1,-1,-1,-1,-1,-1,-1,-1,-1,-1,-1,-1,-1,-1,-1,-1,-1,-1,-1,-1,-1,-1,-1,-1,-1,-1,-1,-1,-1,-1
52,455,3,2,2,6,6,3,3,3,3,-1,-1,-1,-1,-1,-1,-1,-1,-1,-1,-1,-1,-1,-1,-1,-1,-1,-1,-1,-1,-1,-1,-1,-1,-1,-1,-1,-1,-1,-1
52,456,4,2,2,-1,,,,,,,,,,,,,,,,,,,,,,,,,,,,,,,,,,,
52,533,5,2,2,2,2,-1,-1,-1,-1,-1,-1,-1,-1,-1,-1,-1,-1,-1,-1,-1,-1,-1,-1,-1,-1,-1,-1,-1,-1,-1,-1,-1,-1,-1,-1,-1,-1,-1,-1
52,534,6,2,2,-1,,,,,,,,,,,,,,,,,,,,,,,,,,,,,,,,,,,
52,535,7,2,2,7,7,5,5,5,5,7,5,5,2,2,-1,-1,-1,-1,-1,-1,-1,-1,-1,-1,-1,-1,-1,-1,-1,-1,-1,-1,-1,-1,-1,-1,-1,-1,-1
52,536,8,2,2,5,5,5,5,3,3,3,5,5,-1,-1,-1,-1,-1,-1,-1,-1,-1,-1,-1,-1,-1,-1,-1,-1,-1,-1,-1,-1,-1,-1,-1,-1,-1,-1,-1
52,613,9,2,2,8,8,8,2,5,5,5,7,2,5,5,7,7,2,2,2,7,7,2,2,2,4,4,4,-1,-1,-1,-1,-1,-1,-1,-1,-1,-1,-1,-1
52,614,10,2,2,3,7,7,7,2,2,7,7,7,1,2,2,2,2,2,2,7,7,7,7,2,4,4,7,7,7,-1,-1,-1,-1,-1,-1,-1,-1,-1,-1
52,615,11,2,2,3,6,6,6,2,7,7,2,2,2,3,3,7,7,2,6,6,7,7,7,2,1,-1,-1,-1,-1,-1,-1,-1,-1,-1,-1,-1,-1,-1,-1
52,616,12,2,2,-1,,,,,,,,,,,,,,,,,,,,,,,,,,,,,,,,,,,
92,469,1,2,2,1,1,1,1,1,1,5,5,7,1,1,1,1,2,2,2,1,1,1,1,1,1,1,1,1,1,7,7,2,2,-1,-1,-1,-1,-1,-1
92,470,2,2,2,2,2,3,3,2,2,7,6,6,6,4,4,3,6,6,1,1,1,2,2,8,8,8,-1,-1,-1,-1,-1,-1,-1,-1,-1,-1,-1,-1,-1
92,471,3,2,2,4,4,3,3,3,6,6,6,3,2,2,6,6,4,1,1,1,1,1,1,7,7,1,1,1,1,-1,-1,-1,-1,-1,-1,-1,-1,-1,-1
92,472,4,2,2,2,2,2,-1,-1,-1,-1,-1,-1,-1,-1,-1,-1,-1,-1,-1,-1,-1,-1,-1,-1,-1,-1,-1,-1,-1,-1,-1,-1,-1,-1,-1,-1,-1,-1,-1
92,549,5,2,2,6,6,7,7,7,1,1,1,1,1,1,1,1,1,7,7,2,2,3,3,7,7,1,1,1,1,2,1,1,1,1,1,1,1,1,1
92,550,6,2,2,2,2,7,7,7,1,1,1,1,1,1,1,1,1,1,1,1,1,5,5,5,5,2,7,7,3,3,2,-1,-1,-1,-1,-1,-1,-1,-1
92,551,7,2,2,5,5,5,5,5,3,2,5,5,5,7,2,2,7,7,7,2,5,5,7,4,4,-1,-1,-1,-1,-1,-1,-1,-1,-1,-1,-1,-1,-1,-1
92,552,8,2,2,3,3,3,-1,-1,-1,-1,-1,-1,-1,-1,-1,-1,-1,-1,-1,-1,-1,-1,-1,-1,-1,-1,-1,-1,-1,-1,-1,-1,-1,-1,-1,-1,-1,-1,-1
92,629,9,2,2,8,8,8,7,7,6,6,4,6,-1,-1,-1,-1,-1,-1,-1,-1,-1,-1,-1,-1,-1,-1,-1,-1,-1,-1,-1,-1,-1,-1,-1,-1,-1,-1,-1
92,630,10,2,2,3,3,3,7,7,3,-1,-1,-1,-1,-1,-1,-1,-1,-1,-1,-1,-1,-1,-1,-1,-1,-1,-1,-1,-1,-1,-1,-1,-1,-1,-1,-1,-1,-1,-1
92,631,11,2,2,8,8,8,5,5,5,8,8,8,3,3,4,4,7,8,8,8,6,6,6,1,1,-1,-1,-1,-1,-1,-1,-1,-1,-1,-1,-1,-1,-1,-1
92,632,12,2,2,2,2,7,7,7,1,1,1,2,-1,-1,-1,-1,-1,-1,-1,-1,-1,-1,-1,-1,-1,-1,-1,-1,-1,-1,-1,-1,-1,-1,-1,-1,-1,-1,-1
69,473,1,2,2,-1,,,,,,,,,,,,,,,,,,,,,,,,,,,,,,,,,,,
69,474,2,2,2,4,3,3,2,6,2,1,1,1,1,7,7,7,2,2,2,1,2,2,2,-1,-1,-1,-1,-1,-1,-1,-1,-1,-1,-1,-1,-1,-1,-1,-1
69,475,3,2,2,2,7,7,7,2,7,7,7,2,4,4,1,1,7,7,4,4,4,1,1,1,1,1,1,2,-1,-1,-1,-1,-1,-1,-1,-1,-1,-1,-1
69,476,4,2,2,2,2,1,1,1,1,1,1,1,1,1,1,1,1,7,7,7,1,1,1,1,1,-1,-1,-1,-1,-1,-1,-1,-1,-1,-1,-1,-1,-1,-1
69,553,5,2,2,2,2,2,1,1,1,1,1,1,4,4,1,1,1,4,4,6,3,3,7,5,5,5,5,5,5,5,5,-1,-1,-1,-1,-1,-1,-1,-1
69,554,6,2,2,4,4,6,5,5,5,7,5,5,5,1,1,1,5,5,5,1,4,4,4,4,4,4,4,-1,-1,-1,-1,-1,-1,-1,-1,-1,-1,-1,-1
69,555,7,2,2,-1,,,,,,,,,,,,,,,,,,,,,,,,,,,,,,,,,,,
69,556,8,2,2,2,6,6,2,2,-1,-1,-1,-1,-1,-1,-1,-1,-1,-1,-1,-1,-1,-1,-1,-1,-1,-1,-1,-1,-1,-1,-1,-1,-1,-1,-1,-1,-1,-1,-1
69,633,9,2,2,-1,,,,,,,,,,,,,,,,,,,,,,,,,,,,,,,,,,,
69,634,10,2,2,7,7,3,3,7,7,1,1,6,6,6,7,7,7,3,6,6,6,2,2,2,8,8,-1,-1,-1,-1,-1,-1,-1,-1,-1,-1,-1,-1,-1
69,635,11,2,2,7,7,7,-1,-1,-1,-1,-1,-1,-1,-1,-1,-1,-1,-1,-1,-1,-1,-1,-1,-1,-1,-1,-1,-1,-1,-1,-1,-1,-1,-1,-1,-1,-1,-1,-1
69,636,12,2,2,6,6,6,6,3,6,6,3,3,3,3,3,3,1,1,1,1,1,7,-1,-1,-1,-1,-1,-1,-1,-1,-1,-1,-1,-1,-1,-1,-1,-1,-1
57,485,1,2,2,7,7,1,1,1,1,7,7,5,5,2,2,2,2,7,7,7,7,1,2,2,3,3,2,7,7,2,1,7,7,2,2,7,7,2,-1
57,486,2,2,2,4,4,4,2,2,6,3,4,4,4,6,7,7,1,4,4,7,7,7,-1,-1,-1,-1,-1,-1,-1,-1,-1,-1,-1,-1,-1,-1,-1,-1,-1
57,487,3,2,2,2,2,7,5,5,2,2,3,3,3,2,2,2,2,2,7,-1,-1,-1,-1,-1,-1,-1,-1,-1,-1,-1,-1,-1,-1,-1,-1,-1,-1,-1,-1
57,488,4,2,2,-1,,,,,,,,,,,,,,,,,,,,,,,,,,,,,,,,,,,
57,565,5,2,2,4,4,7,7,7,1,1,1,1,2,2,1,6,6,2,2,2,7,7,2,2,3,3,3,3,2,7,7,2,2,2,7,-1,-1,-1,-1
57,566,6,2,2,5,5,5,6,6,2,1,1,7,7,5,5,2,7,7,2,2,2,2,1,1,1,1,7,7,7,5,5,5,5,-1,-1,-1,-1,-1,-1
57,567,7,2,2,3,6,6,3,2,2,3,3,3,3,-1,-1,-1,-1,-1,-1,-1,-1,-1,-1,-1,-1,-1,-1,-1,-1,-1,-1,-1,-1,-1,-1,-1,-1,-1,-1
57,568,8,2,2,3,3,3,3,3,6,6,6,3,3,3,6,6,4,7,7,2,2,2,6,6,4,4,-1,-1,-1,-1,-1,-1,-1,-1,-1,-1,-1,-1,-1
57,645,9,2,2,2,2,1,1,1,1,4,4,4,2,2,1,2,2,2,-1,-1,-1,-1,-1,-1,-1,-1,-1,-1,-1,-1,-1,-1,-1,-1,-1,-1,-1,-1,-1
57,646,10,2,2,3,3,3,3,3,3,3,3,7,7,8,8,7,2,2,7,7,7,-1,-1,-1,-1,-1,-1,-1,-1,-1,-1,-1,-1,-1,-1,-1,-1,-1,-1
57,647,11,2,2,-1,,,,,,,,,,,,,,,,,,,,,,,,,,,,,,,,,,,
57,648,12,2,2,6,6,4,4,3,3,3,3,-1,-1,-1,-1,-1,-1,-1,-1,-1,-1,-1,-1,-1,-1,-1,-1,-1,-1,-1,-1,-1,-1,-1,-1,-1,-1,-1,-1
107,489,1,2,2,1,1,2,2,2,2,1,1,2,2,2,1,1,1,4,4,4,1,2,2,2,1,1,1,1,-1,-1,-1,-1,-1,-1,-1,-1,-1,-1,-1
107,490,2,2,2,2,3,3,6,7,7,2,2,2,7,7,7,2,2,7,7,2,2,1,1,1,-1,-1,-1,-1,-1,-1,-1,-1,-1,-1,-1,-1,-1,-1,-1
107,491,3,2,2,3,6,6,6,6,4,4,1,1,1,1,1,3,3,4,4,7,7,-1,-1,-1,-1,-1,-1,-1,-1,-1,-1,-1,-1,-1,-1,-1,-1,-1,-1
107,492,4,2,2,2,2,3,3,-1,-1,-1,-1,-1,-1,-1,-1,-1,-1,-1,-1,-1,-1,-1,-1,-1,-1,-1,-1,-1,-1,-1,-1,-1,-1,-1,-1,-1,-1,-1,-1
107,569,5,2,2,7,7,5,5,5,-1,-1,-1,-1,-1,-1,-1,-1,-1,-1,-1,-1,-1,-1,-1,-1,-1,-1,-1,-1,-1,-1,-1,-1,-1,-1,-1,-1,-1,-1,-1
107,570,6,2,2,5,5,5,5,6,5,-1,-1,-1,-1,-1,-1,-1,-1,-1,-1,-1,-1,-1,-1,-1,-1,-1,-1,-1,-1,-1,-1,-1,-1,-1,-1,-1,-1,-1,-1
107,571,7,2,2,3,3,6,6,5,5,3,3,-1,-1,-1,-1,-1,-1,-1,-1,-1,-1,-1,-1,-1,-1,-1,-1,-1,-1,-1,-1,-1,-1,-1,-1,-1,-1,-1,-1
107,572,8,2,2,6,6,6,6,6,6,2,2,3,-1,-1,-1,-1,-1,-1,-1,-1,-1,-1,-1,-1,-1,-1,-1,-1,-1,-1,-1,-1,-1,-1,-1,-1,-1,-1,-1
107,649,9,2,2,-1,,,,,,,,,,,,,,,,,,,,,,,,,,,,,,,,,,,
107,650,10,2,2,3,7,8,8,8,7,2,2,2,7,7,7,1,1,1,2,2,6,6,-1,-1,-1,-1,-1,-1,-1,-1,-1,-1,-1,-1,-1,-1,-1,-1,-1
107,651,11,2,2,6,8,8,8,8,1,1,2,2,3,8,8,8,7,6,6,7,7,7,2,2,-1,-1,-1,-1,-1,-1,-1,-1,-1,-1,-1,-1,-1,-1,-1
107,652,12,2,2,3,6,6,6,1,1,2,2,2,3,3,3,4,4,2,3,3,-1,-1,-1,-1,-1,-1,-1,-1,-1,-1,-1,-1,-1,-1,-1,-1,-1,-1,-1
73,501,1,2,2,1,1,8,8,8,6,6,4,1,1,2,7,7,2,2,3,7,7,4,7,7,1,1,1,1,-1,-1,-1,-1,-1,-1,-1,-1,-1,-1,-1
73,502,2,2,2,6,6,6,6,1,1,1,2,2,2,7,7,2,2,1,7,7,7,2,1,1,8,8,8,1,1,1,-1,-1,-1,-1,-1,-1,-1,-1,-1
73,503,3,2,2,2,2,7,7,1,1,1,4,4,2,5,5,7,7,4,4,4,2,7,7,2,5,5,5,7,2,2,-1,-1,-1,-1,-1,-1,-1,-1,-1
73,504,4,2,2,2,2,3,3,2,2,2,2,1,1,7,7,7,1,1,1,-1,-1,-1,-1,-1,-1,-1,-1,-1,-1,-1,-1,-1,-1,-1,-1,-1,-1,-1,-1
73,581,5,2,2,2,2,2,1,1,1,1,7,7,2,1,2,7,7,5,5,5,2,1,1,4,4,4,7,4,4,4,1,1,1,-1,-1,-1,-1,-1,-1
73,582,6,2,2,2,7,7,7,2,1,1,7,7,4,4,6,5,5,5,3,5,5,2,3,2,2,2,2,2,2,2,-1,-1,-1,-1,-1,-1,-1,-1,-1
73,583,7,2,2,8,8,5,5,3,-1,-1,-1,-1,-1,-1,-1,-1,-1,-1,-1,-1,-1,-1,-1,-1,-1,-1,-1,-1,-1,-1,-1,-1,-1,-1,-1,-1,-1,-1,-1
73,584,8,2,2,7,7,7,6,7,8,8,7,2,2,2,-1,-1,-1,-1,-1,-1,-1,-1,-1,-1,-1,-1,-1,-1,-1,-1,-1,-1,-1,-1,-1,-1,-1,-1,-1
73,661,9,2,2,-1,,,,,,,,,,,,,,,,,,,,,,,,,,,,,,,,,,,
73,662,10,2,2,-1,,,,,,,,,,,,,,,,,,,,,,,,,,,,,,,,,,,
73,663,11,2,2,7,3,8,8,8,-1,-1,-1,-1,-1,-1,-1,-1,-1,-1,-1,-1,-1,-1,-1,-1,-1,-1,-1,-1,-1,-1,-1,-1,-1,-1,-1,-1,-1,-1,-1
73,664,12,2,2,3,6,6,6,7,5,5,6,6,8,8,8,8,7,7,-1,-1,-1,-1,-1,-1,-1,-1,-1,-1,-1,-1,-1,-1,-1,-1,-1,-1,-1,-1,-1
81,505,1,2,2,7,7,7,1,1,1,1,7,7,7,1,1,1,2,2,2,1,1,1,1,1,1,-1,-1,-1,-1,-1,-1,-1,-1,-1,-1,-1,-1,-1,-1
81,506,2,2,2,3,3,6,6,8,8,8,6,3,3,2,4,4,2,3,3,5,5,-1,-1,-1,-1,-1,-1,-1,-1,-1,-1,-1,-1,-1,-1,-1,-1,-1,-1
81,507,3,2,2,3,3,3,3,3,7,7,2,2,2,7,7,3,3,3,3,3,-1,-1,-1,-1,-1,-1,-1,-1,-1,-1,-1,-1,-1,-1,-1,-1,-1,-1,-1
81,508,4,2,2,4,4,3,3,3,2,7,5,5,2,2,7,7,2,2,2,2,2,2,2,2,-1,-1,-1,-1,-1,-1,-1,-1,-1,-1,-1,-1,-1,-1,-1
81,585,5,2,2,1,1,1,1,1,1,1,4,4,2,7,7,3,7,7,7,2,2,2,1,1,-1,-1,-1,-1,-1,-1,-1,-1,-1,-1,-1,-1,-1,-1,-1
81,586,6,2,2,7,5,5,5,3,-1,-1,-1,-1,-1,-1,-1,-1,-1,-1,-1,-1,-1,-1,-1,-1,-1,-1,-1,-1,-1,-1,-1,-1,-1,-1,-1,-1,-1,-1,-1
81,587,7,2,2,7,7,3,3,3,3,5,5,5,3,3,3,3,8,-1,-1,-1,-1,-1,-1,-1,-1,-1,-1,-1,-1,-1,-1,-1,-1,-1,-1,-1,-1,-1,-1
81,588,8,2,2,-1,,,,,,,,,,,,,,,,,,,,,,,,,,,,,,,,,,,
81,665,9,2,2,3,3,3,1,1,1,1,1,7,7,7,2,2,7,7,7,2,2,2,6,6,6,3,3,-1,-1,-1,-1,-1,-1,-1,-1,-1,-1,-1,-1
81,666,10,2,2,3,2,3,7,-1,-1,-1,-1,-1,-1,-1,-1,-1,-1,-1,-1,-1,-1,-1,-1,-1,-1,-1,-1,-1,-1,-1,-1,-1,-1,-1,-1,-1,-1,-1,-1
81,667,11,2,2,3,3,-1,-1,-1,-1,-1,-1,-1,-1,-1,-1,-1,-1,-1,-1,-1,-1,-1,-1,-1,-1,-1,-1,-1,-1,-1,-1,-1,-1,-1,-1,-1,-1,-1,-1
81,668,12,2,2,8,8,8,5,2,2,-1,-1,-1,-1,-1,-1,-1,-1,-1,-1,-1,-1,-1,-1,-1,-1,-1,-1,-1,-1,-1,-1,-1,-1,-1,-1,-1,-1,-1,-1
63,517,1,2,2,1,1,1,1,1,1,1,1,7,7,7,1,1,1,1,7,7,4,4,7,-1,-1,-1,-1,-1,-1,-1,-1,-1,-1,-1,-1,-1,-1,-1,-1
63,518,2,2,2,1,1,1,1,1,1,1,1,1,1,2,2,1,1,1,1,1,1,1,1,1,1,1,1,1,1,1,-1,-1,-1,-1,-1,-1,-1,-1,-1
63,519,3,2,2,2,2,-1,-1,-1,-1,-1,-1,-1,-1,-1,-1,-1,-1,-1,-1,-1,-1,-1,-1,-1,-1,-1,-1,-1,-1,-1,-1,-1,-1,-1,-1,-1,-1,-1,-1
63,520,4,2,2,-1,,,,,,,,,,,,,,,,,,,,,,,,,,,,,,,,,,,
63,597,5,2,2,1,1,1,1,1,1,2,2,2,2,2,-1,-1,-1,-1,-1,-1,-1,-1,-1,-1,-1,-1,-1,-1,-1,-1,-1,-1,-1,-1,-1,-1,-1,-1,-1
63,598,6,2,2,7,7,7,2,6,6,5,5,-1,-1,-1,-1,-1,-1,-1,-1,-1,-1,-1,-1,-1,-1,-1,-1,-1,-1,-1,-1,-1,-1,-1,-1,-1,-1,-1,-1
63,599,7,2,2,-1,,,,,,,,,,,,,,,,,,,,,,,,,,,,,,,,,,,
63,600,8,2,2,-1,,,,,,,,,,,,,,,,,,,,,,,,,,,,,,,,,,,
63,677,9,2,2,-1,,,,,,,,,,,,,,,,,,,,,,,,,,,,,,,,,,,
63,678,10,2,2,-1,,,,,,,,,,,,,,,,,,,,,,,,,,,,,,,,,,,
63,679,11,2,2,-1,,,,,,,,,,,,,,,,,,,,,,,,,,,,,,,,,,,
63,680,12,2,2,-1,,,,,,,,,,,,,,,,,,,,,,,,,,,,,,,,,,,
96,521,1,2,2,4,4,4,1,1,1,1,2,2,2,2,4,4,6,6,6,1,1,7,7,2,2,2,-1,-1,-1,-1,-1,-1,-1,-1,-1,-1,-1,-1,-1
96,522,2,2,2,2,2,2,1,2,2,2,3,6,6,6,4,4,4,1,1,1,1,1,1,1,1,1,1,-1,-1,-1,-1,-1,-1,-1,-1,-1,-1,-1,-1
96,523,3,2,2,-1,,,,,,,,,,,,,,,,,,,,,,,,,,,,,,,,,,,
96,524,4,2,2,8,8,8,2,2,2,7,7,2,2,2,2,2,2,3,3,3,2,2,2,2,2,2,2,-1,-1,-1,-1,-1,-1,-1,-1,-1,-1,-1,-1
96,601,5,2,2,7,1,1,1,1,4,2,4,4,6,6,2,1,4,4,4,5,5,5,3,3,2,2,2,1,-1,-1,-1,-1,-1,-1,-1,-1,-1,-1,-1
96,602,6,2,2,5,5,5,5,6,6,6,2,2,2,2,8,8,8,-1,-1,-1,-1,-1,-1,-1,-1,-1,-1,-1,-1,-1,-1,-1,-1,-1,-1,-1,-1,-1,-1
96,603,7,2,2,3,3,3,3,6,6,3,3,7,7,6,6,6,5,-1,-1,-1,-1,-1,-1,-1,-1,-1,-1,-1,-1,-1,-1,-1,-1,-1,-1,-1,-1,-1,-1
96,604,8,2,2,6,6,6,6,6,6,6,6,8,8,-1,-1,-1,-1,-1,-1,-1,-1,-1,-1,-1,-1,-1,-1,-1,-1,-1,-1,-1,-1,-1,-1,-1,-1,-1,-1
96,681,9,2,2,7,5,5,5,4,4,6,6,3,3,7,8,8,8,8,6,6,3,3,3,-1,-1,-1,-1,-1,-1,-1,-1,-1,-1,-1,-1,-1,-1,-1,-1
96,682,10,2,2,3,3,3,5,5,2,2,2,6,4,7,7,2,2,2,4,4,8,8,7,2,-1,-1,-1,-1,-1,-1,-1,-1,-1,-1,-1,-1,-1,-1,-1
96,683,11,2,2,7,7,2,2,2,2,-1,-1,-1,-1,-1,-1,-1,-1,-1,-1,-1,-1,-1,-1,-1,-1,-1,-1,-1,-1,-1,-1,-1,-1,-1,-1,-1,-1,-1,-1
96,684,12,2,2,1,1,1,6,6,6,6,6,-1,-1,-1,-1,-1,-1,-1,-1,-1,-1,-1,-1,-1,-1,-1,-1,-1,-1,-1,-1,-1,-1,-1,-1,-1,-1,-1,-1
